source_id,url,fetched_at,http_status,content_type,content_length,content_sha256,etag,last_modified,outcome,raw_ref,reason,warnings
fda.drugsfda.cohort-status,https://api.fda.gov/drug/drugsfda.json?search=products.active_ingredients.name%3A%22ACETAMINOPHEN%22&count=products.marketing_status,2026-09-02T16:47:11Z,200,application/json,711,a0e0b2cd1453abe869d1db2a5b29027de58dda8017f3f53875b1bf8750b7fb76,"W/""2c7-7qSMw6XxavmZOb96ynPBooL4FhQ""",,first_capture,raw/fda.drugsfda.cohort-status/2026/09/20260902T164711Z-a0e0b2cd1453.json,,
fda.drugsfda.cohort-status,https://api.fda.gov/drug/drugsfda.json?search=products.active_ingredients.name%3A%22ACETAZOLAMIDE%22&count=products.marketing_status,2026-09-02T16:47:36Z,200,application/json,571,becca7622b64dac119557a2ed65e5d68e8312e2f3f7e1dcff738004fffdc13e4,"W/""23b-RDXxdDTc+kZ09WvLqIUI6VOZH84""",,first_capture,raw/fda.drugsfda.cohort-status/2026/09/20260902T164736Z-becca7622b64.json,,
fda.drugsfda.cohort-status,https://api.fda.gov/drug/drugsfda.json?search=products.active_ingredients.name%3A%22ACYCLOVIR%20SODIUM%22&count=products.marketing_status,2026-09-02T16:47:39Z,200,application/json,570,cc0aaad67cb20328b713949fd8cc44877c46893fb14ba6a9dbdb9f2a6e4c636b,"W/""23a-MpvSlduqsfMUvMw+/cvDyUizegw""",,first_capture,raw/fda.drugsfda.cohort-status/2026/09/20260902T164739Z-cc0aaad67cb2.json,,
fda.drugsfda.cohort-status,https://api.fda.gov/drug/drugsfda.json?search=products.active_ingredients.name%3A%22ADALIMUMAB%20ADAZ%22&count=products.marketing_status,2026-09-02T16:47:42Z,200,application/json,509,1efb29338fd1ed11db88971f407afca76add6033f4d3c7669f4f5a1d5c759218,"W/""1fd-slmKsYO1ZvaIoPOpMi6OjBCvLhw""",,first_capture,raw/fda.drugsfda.cohort-status/2026/09/20260902T164742Z-1efb29338fd1.json,,
fda.drugsfda.cohort-status,https://api.fda.gov/drug/drugsfda.json?search=products.active_ingredients.name%3A%22ADALIMUMAB%20AFZB%22&count=products.marketing_status,2026-09-02T16:47:46Z,200,application/json,509,1efb29338fd1ed11db88971f407afca76add6033f4d3c7669f4f5a1d5c759218,"W/""1fd-slmKsYO1ZvaIoPOpMi6OjBCvLhw""",,first_capture,raw/fda.drugsfda.cohort-status/2026/09/20260902T164746Z-1efb29338fd1.json,,
fda.drugsfda.cohort-status,https://api.fda.gov/drug/drugsfda.json?search=products.active_ingredients.name%3A%22ADALIMUMAB%20RYVK%22&count=products.marketing_status,2026-09-02T16:47:49Z,200,application/json,509,1efb29338fd1ed11db88971f407afca76add6033f4d3c7669f4f5a1d5c759218,"W/""1fd-slmKsYO1ZvaIoPOpMi6OjBCvLhw""",,first_capture,raw/fda.drugsfda.cohort-status/2026/09/20260902T164749Z-1efb29338fd1.json,,
fda.drugsfda.cohort-status,https://api.fda.gov/drug/drugsfda.json?search=products.active_ingredients.name%3A%22ALBUTEROL%20SULFATE%22&count=products.marketing_status,2026-09-02T16:47:52Z,200,application/json,571,9d94e2e57491351a3caefad33fcc921e2fd0f082a3caa5e665debdcc9844c337,"W/""23b-u9Ye8KfxjV/eWnU9LA8cXwuLkyc""",,first_capture,raw/fda.drugsfda.cohort-status/2026/09/20260902T164752Z-9d94e2e57491.json,,
fda.drugsfda.cohort-status,https://api.fda.gov/drug/drugsfda.json?search=products.active_ingredients.name%3A%22ALLOPURINOL%22&count=products.marketing_status,2026-09-02T16:47:55Z,200,application/json,571,84f67c730ee2dd38bd42a201b5f33a49ddfdc8921a4b522e8f8c46f22091156e,"W/""23b-tK/DXcQytqnJNJy+ApDjdiw8lzc""",,first_capture,raw/fda.drugsfda.cohort-status/2026/09/20260902T164755Z-84f67c730ee2.json,,
fda.drugsfda.cohort-status,https://api.fda.gov/drug/drugsfda.json?search=products.active_ingredients.name%3A%22ALTEPLASE%22&count=products.marketing_status,2026-09-02T16:47:59Z,200,application/json,509,1efb29338fd1ed11db88971f407afca76add6033f4d3c7669f4f5a1d5c759218,"W/""1fd-slmKsYO1ZvaIoPOpMi6OjBCvLhw""",,first_capture,raw/fda.drugsfda.cohort-status/2026/09/20260902T164759Z-1efb29338fd1.json,,
fda.drugsfda.cohort-status,https://api.fda.gov/drug/drugsfda.json?search=products.active_ingredients.name%3A%22AMINOCAPROIC%20ACID%22&count=products.marketing_status,2026-09-02T16:48:02Z,200,application/json,571,0bb59c59d869e75f380f67282133b8bf7a60debd171207663ea141757b20fad8,"W/""23b-eUGWF2MWa6RW6GlJJvGKhZtUN/Q""",,first_capture,raw/fda.drugsfda.cohort-status/2026/09/20260902T164802Z-0bb59c59d869.json,,
fda.drugsfda.cohort-status,https://api.fda.gov/drug/drugsfda.json?search=products.active_ingredients.name%3A%22AMPICILLIN%20SODIUM%22&count=products.marketing_status,2026-09-02T16:48:05Z,200,application/json,571,e1f471e7957e623d3604de46fa97be7d1a03b368a3d9e6db6f9cf91bfe916cf5,"W/""23b-Gk37t/BI8wyBMBJHRUrfgpx3ioM""",,first_capture,raw/fda.drugsfda.cohort-status/2026/09/20260902T164805Z-e1f471e7957e.json,,
fda.drugsfda.cohort-status,https://api.fda.gov/drug/drugsfda.json?search=products.active_ingredients.name%3A%22ANAGRELIDE%20HYDROCHLORIDE%22&count=products.marketing_status,2026-09-02T16:48:09Z,200,application/json,569,7c1209775ccde3faf5ec569481a82f48ae497f6c4392e5826006b72c254a6e3b,"W/""239-HDO3mJdf9Duc19TyIgd10JjEEHA""",,first_capture,raw/fda.drugsfda.cohort-status/2026/09/20260902T164809Z-7c1209775ccd.json,,
fda.drugsfda.cohort-status,https://api.fda.gov/drug/drugsfda.json?search=products.active_ingredients.name%3A%22APREPITANT%22&count=products.marketing_status,2026-09-02T16:48:12Z,200,application/json,642,33e7e9220513197f015b1d3ba32ccbce80e652ce548853dfb8e29aef5957ca03,"W/""282-ykMsw8hcwaxiLGYU2kOGmgTtzmY""",,first_capture,raw/fda.drugsfda.cohort-status/2026/09/20260902T164812Z-33e7e9220513.json,,
fda.drugsfda.cohort-status,https://api.fda.gov/drug/drugsfda.json?search=products.active_ingredients.name%3A%22ARSENIC%20TRIOXIDE%22&count=products.marketing_status,2026-09-02T16:48:15Z,200,application/json,643,13a76f5d67dde79341707984507e6f60274e55db5a5c5de66c33fa2488938d95,"W/""283-8mW+1qpLMojCP1VitkyhC6NWTM4""",,first_capture,raw/fda.drugsfda.cohort-status/2026/09/20260902T164815Z-13a76f5d67dd.json,,
fda.drugsfda.cohort-status,https://api.fda.gov/drug/drugsfda.json?search=products.active_ingredients.name%3A%22ATROPINE%20SULFATE%22&count=products.marketing_status,2026-09-02T16:48:19Z,200,application/json,571,94c7537793e13b0bfe826a204136140815d0e0e4084d490a74c120505a4df3f3,"W/""23b-KPlb5ZIdL6bf4g/iBdkXaLsUxB8""",,first_capture,raw/fda.drugsfda.cohort-status/2026/09/20260902T164819Z-94c7537793e1.json,,
fda.drugsfda.cohort-status,https://api.fda.gov/drug/drugsfda.json?search=products.active_ingredients.name%3A%22AZACITIDINE%22&count=products.marketing_status,2026-09-02T16:48:22Z,200,application/json,643,9a8ad3cd2cef1aae9ef32b750f8ad4f364a45c50385f771b388171120a3d7b00,"W/""283-BebEeD72df3QRC4ChUN1K/C2koE""",,first_capture,raw/fda.drugsfda.cohort-status/2026/09/20260902T164822Z-9a8ad3cd2cef.json,,
fda.drugsfda.cohort-status,https://api.fda.gov/drug/drugsfda.json?search=products.active_ingredients.name%3A%22AZITHROMYCIN%22&count=products.marketing_status,2026-09-02T16:48:25Z,200,application/json,644,8d8b8e88af0f38ddcf2ab7f182a31bb09cec10ec19d276280ed191789f61f850,"W/""284-k46bSZR/LUZn4bNExcWoCL4mhBs""",,first_capture,raw/fda.drugsfda.cohort-status/2026/09/20260902T164825Z-8d8b8e88af0f.json,,
fda.drugsfda.cohort-status,https://api.fda.gov/drug/drugsfda.json?search=products.active_ingredients.name%3A%22BACITRACIN%22&count=products.marketing_status,2026-09-02T16:48:29Z,200,application/json,570,18e3e4923719e7365ba9e037ad387e1a62154461fc77b3d1e751a35bf4669ffb,"W/""23a-Z0/kxFuS/8GNcGVznWEyRzPLX2c""",,first_capture,raw/fda.drugsfda.cohort-status/2026/09/20260902T164829Z-18e3e4923719.json,,
fda.drugsfda.cohort-status,https://api.fda.gov/drug/drugsfda.json?search=products.active_ingredients.name%3A%22BENDAMUSTINE%20HYDROCHLORIDE%22&count=products.marketing_status,2026-09-02T16:48:32Z,200,application/json,643,2576adab10954d02a8235df0a0630c016ed81abe8b4178a33072a11ee069c0f2,"W/""283-4Fda973Q+hV/VRQhF+oM//Lr2cE""",,first_capture,raw/fda.drugsfda.cohort-status/2026/09/20260902T164832Z-2576adab1095.json,,
fda.drugsfda.cohort-status,https://api.fda.gov/drug/drugsfda.json?search=products.active_ingredients.name%3A%22BENZTROPINE%20MESYLATE%22&count=products.marketing_status,2026-09-02T16:48:35Z,200,application/json,571,53cb25eacf7d23b373a55b9856ff2516749db2f10a1f796f10b96b5c56a8eb37,"W/""23b-R82GzzGnavdZcCVZspJf3x/ALAE""",,first_capture,raw/fda.drugsfda.cohort-status/2026/09/20260902T164835Z-53cb25eacf7d.json,,
fda.drugsfda.cohort-status,https://api.fda.gov/drug/drugsfda.json?search=products.active_ingredients.name%3A%22BIVALIRUDIN%22&count=products.marketing_status,2026-09-02T16:48:39Z,200,application/json,642,e1d67f58a5144c3260ae6718ae801c6d59a4442a1698e4732c834b62384b7094,"W/""282-ZiRUWg7+ngoOj8i7YwPD29x720E""",,first_capture,raw/fda.drugsfda.cohort-status/2026/09/20260902T164839Z-e1d67f58a514.json,,
fda.drugsfda.cohort-status,https://api.fda.gov/drug/drugsfda.json?search=products.active_ingredients.name%3A%22BORTEZOMIB%22&count=products.marketing_status,2026-09-02T16:48:42Z,200,application/json,644,d0bf6e37f81de2eb4155d876b8a9010fe906900b6f2d082495ed949601d38111,"W/""284-vzTYoxqd4QCYJeTY98mv37WruDM""",,first_capture,raw/fda.drugsfda.cohort-status/2026/09/20260902T164842Z-d0bf6e37f81d.json,,
fda.drugsfda.cohort-status,https://api.fda.gov/drug/drugsfda.json?search=products.active_ingredients.name%3A%22BUMETANIDE%22&count=products.marketing_status,2026-09-02T16:48:45Z,200,application/json,570,1abae09e6496ac98e24762c47fef2ecc816b749d884f92d33d7f75b9c0f2c9b2,"W/""23a-iDrK5jOLtWih/NAsBRtn+5fNmCo""",,first_capture,raw/fda.drugsfda.cohort-status/2026/09/20260902T164845Z-1abae09e6496.json,,
fda.drugsfda.cohort-status,https://api.fda.gov/drug/drugsfda.json?search=products.active_ingredients.name%3A%22BUPIVACAINE%20HYDROCHLORIDE%22&count=products.marketing_status,2026-09-02T16:48:48Z,200,application/json,571,e8a38f09e4f5e49f34fd15a4d2ba6f007c5b5f61348e1b06a8b6c209a4bab5e8,"W/""23b-3dC1fYu5IjJv7csiyIxWSPg7fz4""",,first_capture,raw/fda.drugsfda.cohort-status/2026/09/20260902T164848Z-e8a38f09e4f5.json,,
fda.drugsfda.cohort-status,https://api.fda.gov/drug/drugsfda.json?search=products.active_ingredients.name%3A%22BUPRENORPHINE%20HYDROCHLORIDE%22&count=products.marketing_status,2026-09-02T16:48:52Z,200,application/json,644,4bd7f79d1381cde8253e62163c4d9b4cb2cdeaf6b9ffe28c28a49741ed1dee4a,"W/""284-efGntc5kNv+4h5VRkNgKOA2/gf0""",,first_capture,raw/fda.drugsfda.cohort-status/2026/09/20260902T164852Z-4bd7f79d1381.json,,
fda.drugsfda.cohort-status,https://api.fda.gov/drug/drugsfda.json?search=products.active_ingredients.name%3A%22BUSULFAN%22&count=products.marketing_status,2026-09-02T16:48:55Z,200,application/json,569,fd0382b3ec46fdbc35003634de376bc50566a4ac3010afe4e6c7515e5155ac3d,"W/""239-vW7z7tStrko0b7f8Y0g5m9hT4yg""",,first_capture,raw/fda.drugsfda.cohort-status/2026/09/20260902T164855Z-fd0382b3ec46.json,,
fda.drugsfda.cohort-status,https://api.fda.gov/drug/drugsfda.json?search=products.active_ingredients.name%3A%22BUTORPHANOL%20TARTRATE%22&count=products.marketing_status,2026-09-02T16:48:58Z,200,application/json,570,2e06cb7b59ecd94febd657d7aab79c7f6bdca19302348c39ce049c5d7137d7df,"W/""23a-gYvID512zM5BuuLSCWLt53JW5XA""",,first_capture,raw/fda.drugsfda.cohort-status/2026/09/20260902T164858Z-2e06cb7b59ec.json,,
fda.drugsfda.cohort-status,https://api.fda.gov/drug/drugsfda.json?search=products.active_ingredients.name%3A%22CALCITRIOL%22&count=products.marketing_status,2026-09-02T16:49:02Z,200,application/json,571,f6a8a7ddf8c5871eef67b54f5b2b295c114ceb9cb915b2a8f146f2bd3fae90dd,"W/""23b-aMa5gOwv7VDOm4XBWVxakTlVcyk""",,first_capture,raw/fda.drugsfda.cohort-status/2026/09/20260902T164902Z-f6a8a7ddf8c5.json,,
fda.drugsfda.cohort-status,https://api.fda.gov/drug/drugsfda.json?search=products.active_ingredients.name%3A%22CALCIUM%20CHLORIDE%22&count=products.marketing_status,2026-09-02T16:49:05Z,200,application/json,571,ab95f0f18b7d73e89d81c31b5ceb3913b62e8c79eb411df1ef679c462bad449b,"W/""23b-SgOFLWZi6hkYW8E0bz6Mlc4h7P8""",,first_capture,raw/fda.drugsfda.cohort-status/2026/09/20260902T164905Z-ab95f0f18b7d.json,,
fda.drugsfda.cohort-status,https://api.fda.gov/drug/drugsfda.json?search=products.active_ingredients.name%3A%22CARBAMAZEPINE%22&count=products.marketing_status,2026-09-02T16:49:08Z,200,application/json,644,cca254389178d6cae56c696ee5376580fdb3f79fb02ca328d30e60054f3eb9b0,"W/""284-3S0yxjc1Abt9TQOnXnp1+g9a0aI""",,first_capture,raw/fda.drugsfda.cohort-status/2026/09/20260902T164908Z-cca254389178.json,,
fda.drugsfda.cohort-status,https://api.fda.gov/drug/drugsfda.json?search=products.active_ingredients.name%3A%22CARBOPLATIN%22&count=products.marketing_status,2026-09-02T16:49:11Z,200,application/json,571,7c84f7db2bcce2adbca3dddc4b7cfc6eb307acde57c67bc0e9ac2d5f2057cd14,"W/""23b-0DdPVwpTdTTGmNlyZgGJO34fXwE""",,first_capture,raw/fda.drugsfda.cohort-status/2026/09/20260902T164911Z-7c84f7db2bcc.json,,
fda.drugsfda.cohort-status,https://api.fda.gov/drug/drugsfda.json?search=products.active_ingredients.name%3A%22CARBOPROST%20TROMETHAMINE%22&count=products.marketing_status,2026-09-02T16:49:15Z,200,application/json,570,f87150d6e621bef5f3b23e6b71e8ddd749ae5bee48db8c8cec9927a53e6f8fd4,"W/""23a-M/WKWtsUzc1Euhu/dYcdFh7OVbs""",,first_capture,raw/fda.drugsfda.cohort-status/2026/09/20260902T164915Z-f87150d6e621.json,,
fda.drugsfda.cohort-status,https://api.fda.gov/drug/drugsfda.json?search=products.active_ingredients.name%3A%22CASPOFUNGIN%20ACETATE%22&count=products.marketing_status,2026-09-02T16:49:18Z,200,application/json,569,6088b02434bf1992c8676e26af5523c1db9cf903d35698c049a81f3b6e09155e,"W/""239-ic+3bmogGavIteVbhX8fW3i6ZiU""",,first_capture,raw/fda.drugsfda.cohort-status/2026/09/20260902T164918Z-6088b02434bf.json,,
fda.drugsfda.cohort-status,https://api.fda.gov/drug/drugsfda.json?search=products.active_ingredients.name%3A%22CEFEPIME%20HYDROCHLORIDE%22&count=products.marketing_status,2026-09-02T16:49:21Z,200,application/json,569,1666d7f7ec2a48b25a205b6c90b09c3937d61ec0a5cb0b1f7a114059bd32f6fc,"W/""239-wr53ZUYZra442tQohJ6imTQ6gVQ""",,first_capture,raw/fda.drugsfda.cohort-status/2026/09/20260902T164921Z-1666d7f7ec2a.json,,
fda.drugsfda.cohort-status,https://api.fda.gov/drug/drugsfda.json?search=products.active_ingredients.name%3A%22CEFOTAXIME%22&count=products.marketing_status,2026-09-02T16:49:25Z,200,application/json,510,17511f79d019e7136f15a493d5b48305deb35b469e928d4401ce973a75263022,"W/""1fe-eE/52pf/fFEe6etXoHd0nA7h8UI""",,first_capture,raw/fda.drugsfda.cohort-status/2026/09/20260902T164925Z-17511f79d019.json,,
fda.drugsfda.cohort-status,https://api.fda.gov/drug/drugsfda.json?search=products.active_ingredients.name%3A%22CEFOTAXIME%20SODIUM%22&count=products.marketing_status,2026-09-02T16:49:28Z,200,application/json,510,17511f79d019e7136f15a493d5b48305deb35b469e928d4401ce973a75263022,"W/""1fe-eE/52pf/fFEe6etXoHd0nA7h8UI""",,first_capture,raw/fda.drugsfda.cohort-status/2026/09/20260902T164928Z-17511f79d019.json,,
fda.drugsfda.cohort-status,https://api.fda.gov/drug/drugsfda.json?search=products.active_ingredients.name%3A%22CEFOXITIN%22&count=products.marketing_status,2026-09-02T16:49:32Z,200,application/json,570,15ad99e868e833856116a42f96f2dedc77fc5ea5882880b00601f0ae69f07052,"W/""23a-LWLr/EWDtdkPSNGcX9j6la9JSPs""",,first_capture,raw/fda.drugsfda.cohort-status/2026/09/20260902T164932Z-15ad99e868e8.json,,
fda.drugsfda.cohort-status,https://api.fda.gov/drug/drugsfda.json?search=products.active_ingredients.name%3A%22CEFTAZIDIME%22&count=products.marketing_status,2026-09-02T16:49:35Z,200,application/json,570,95e809b9aa7fcb763587bd01b140912ef61824bcb9082f7c5739ab14f3074386,"W/""23a-QkIjGpW7kXZlIAVHWKOBgEIOCq8""",,first_capture,raw/fda.drugsfda.cohort-status/2026/09/20260902T164935Z-95e809b9aa7f.json,,
fda.drugsfda.cohort-status,https://api.fda.gov/drug/drugsfda.json?search=products.active_ingredients.name%3A%22CEFTRIAXONE%22&count=products.marketing_status,2026-09-02T16:49:38Z,200,application/json,571,9c2110ee1cfacd9d28e0e6ffefa90f2fee8d7166969ad09692a4ddb6f4a5bec2,"W/""23b-lqKHXfcobvToW456atHb8QGX92M""",,first_capture,raw/fda.drugsfda.cohort-status/2026/09/20260902T164938Z-9c2110ee1cfa.json,,
fda.drugsfda.cohort-status,https://api.fda.gov/drug/drugsfda.json?search=products.active_ingredients.name%3A%22CEFTRIAXONE%20SODIUM%22&count=products.marketing_status,2026-09-02T16:49:41Z,200,application/json,571,9c2110ee1cfacd9d28e0e6ffefa90f2fee8d7166969ad09692a4ddb6f4a5bec2,"W/""23b-lqKHXfcobvToW456atHb8QGX92M""",,first_capture,raw/fda.drugsfda.cohort-status/2026/09/20260902T164941Z-9c2110ee1cfa.json,,
fda.drugsfda.cohort-status,https://api.fda.gov/drug/drugsfda.json?search=products.active_ingredients.name%3A%22CEFUROXIME%22&count=products.marketing_status,2026-09-02T16:49:45Z,200,application/json,570,553d1a3d256e4b807ffa571e73e29facb57e43be7a2d4eb8a8a561d96b62b211,"W/""23a-PPdMXctlYAE7iFFe6ZU6pHvAur4""",,first_capture,raw/fda.drugsfda.cohort-status/2026/09/20260902T164945Z-553d1a3d256e.json,,
fda.drugsfda.cohort-status,https://api.fda.gov/drug/drugsfda.json?search=products.active_ingredients.name%3A%22CETRORELIX%20ACETATE%22&count=products.marketing_status,2026-09-02T16:49:48Z,200,application/json,569,a5e7dfd078950c7e34c93f9e99a7635d341aa617a4cde06df712298662c5687d,"W/""239-wf97IWAfK2eZX7veamjrJ5UTEf0""",,first_capture,raw/fda.drugsfda.cohort-status/2026/09/20260902T164948Z-a5e7dfd07895.json,,
fda.drugsfda.cohort-status,https://api.fda.gov/drug/drugsfda.json?search=products.active_ingredients.name%3A%22CHLOROPROCAINE%20HYDROCHLORIDE%22&count=products.marketing_status,2026-09-02T16:49:51Z,200,application/json,569,d11427c13c5026df44102e375bc3f903f02aa8fcd27805581eb465a8b682ef02,"W/""239-mcAO0VC42lgvQgdiNhrgXtTtgDI""",,first_capture,raw/fda.drugsfda.cohort-status/2026/09/20260902T164951Z-d11427c13c50.json,,
fda.drugsfda.cohort-status,https://api.fda.gov/drug/drugsfda.json?search=products.active_ingredients.name%3A%22CHLOROTHIAZIDE%22&count=products.marketing_status,2026-09-02T16:49:55Z,200,application/json,570,967b065d75e1550504b46ba44e54c573836e1338c4ac868528ed031390cbe301,"W/""23a-EOYE5mHPEkD+gWqdYypjSEuq4Q4""",,first_capture,raw/fda.drugsfda.cohort-status/2026/09/20260902T164955Z-967b065d75e1.json,,
fda.drugsfda.cohort-status,https://api.fda.gov/drug/drugsfda.json?search=products.active_ingredients.name%3A%22CIPROFLOXACIN%22&count=products.marketing_status,2026-09-02T16:49:58Z,200,application/json,644,e2aa54830e5347329d7cc2185e9aa3db960653a5cd93c0bc003d46cf470787dd,"W/""284-AAaXrQ0IXohvkbcWGo1e/uxurb4""",,first_capture,raw/fda.drugsfda.cohort-status/2026/09/20260902T164958Z-e2aa54830e53.json,,
fda.drugsfda.cohort-status,https://api.fda.gov/drug/drugsfda.json?search=products.active_ingredients.name%3A%22CISATRACURIUM%20BESYLATE%22&count=products.marketing_status,2026-09-02T16:50:02Z,200,application/json,570,2f6c6840e59a6a422840c9b0ad9bb1187aefe3b7c6a81b73f173419c0b0a2109,"W/""23a-CqtkGjtk8itccJvzvXwaICEhaPA""",,first_capture,raw/fda.drugsfda.cohort-status/2026/09/20260902T165002Z-2f6c6840e59a.json,,
fda.drugsfda.cohort-status,https://api.fda.gov/drug/drugsfda.json?search=products.active_ingredients.name%3A%22CLINDAMYCIN%20HYDROCHLORIDE%22&count=products.marketing_status,2026-09-02T16:50:06Z,200,application/json,569,eb370901059e9db94ae06164af0d8001050fb8b21fcf0b2916daac5c6d15d370,"W/""239-KyCekRvUxiunMNJzMdcH6DyIuWk""",,first_capture,raw/fda.drugsfda.cohort-status/2026/09/20260902T165006Z-eb370901059e.json,,
fda.drugsfda.cohort-status,https://api.fda.gov/drug/drugsfda.json?search=products.active_ingredients.name%3A%22CLINDAMYCIN%20PALMITATE%20HYDROCHLORIDE%22&count=products.marketing_status,2026-09-02T16:50:09Z,200,application/json,569,2c946b7f0d40010f009e56545c91e74f05a49248874f74f0f007319281ebb853,"W/""239-U7xj3riMQDJAazOXKeNs65husyU""",,first_capture,raw/fda.drugsfda.cohort-status/2026/09/20260902T165009Z-2c946b7f0d40.json,,
fda.drugsfda.cohort-status,https://api.fda.gov/drug/drugsfda.json?search=products.active_ingredients.name%3A%22CLINDAMYCIN%20PHOSPHATE%22&count=products.marketing_status,2026-09-02T16:50:13Z,200,application/json,571,4334fd82379ba5aa35cd00bf205c0664df7083c0aeb08d1a0bd517dbf9ae2a66,"W/""23b-enJjIINwrBa1C+M0EJNBcVjoV9g""",,first_capture,raw/fda.drugsfda.cohort-status/2026/09/20260902T165013Z-4334fd82379b.json,,
fda.drugsfda.cohort-status,https://api.fda.gov/drug/drugsfda.json?search=products.active_ingredients.name%3A%22CLONAZEPAM%22&count=products.marketing_status,2026-09-02T16:50:16Z,200,application/json,570,360b70857f34ca6d295fb3d0fad6befd7d9294a48213e2e44a43cd47809f5c1f,"W/""23a-N9AFPr7hDUI0SLWqm/p46Vxa+rY""",,first_capture,raw/fda.drugsfda.cohort-status/2026/09/20260902T165016Z-360b70857f34.json,,
fda.drugsfda.cohort-status,https://api.fda.gov/drug/drugsfda.json?search=products.active_ingredients.name%3A%22COBICISTAT%22&count=products.marketing_status,2026-09-02T16:50:19Z,200,application/json,642,83a8c494959a773834a63a2147be2a109a2255917c954a302cef2d7a4e339c24,"W/""282-QJsvi3rivHzHeQCpB3Y/9mvKl4o""",,first_capture,raw/fda.drugsfda.cohort-status/2026/09/20260902T165019Z-83a8c494959a.json,,
fda.drugsfda.cohort-status,https://api.fda.gov/drug/drugsfda.json?search=products.active_ingredients.name%3A%22CONIVAPTAN%20HYDROCHLORIDE%22&count=products.marketing_status,2026-09-02T16:50:23Z,200,application/json,569,d29d9e5dfccbb03566d256d20784b1a10b4fbdcced3aa0dfb7a28693055fc37a,"W/""239-Ho82cQZ+0jMU2JTeDgy2ZfkXLH8""",,first_capture,raw/fda.drugsfda.cohort-status/2026/09/20260902T165023Z-d29d9e5dfccb.json,,
fda.drugsfda.cohort-status,https://api.fda.gov/drug/drugsfda.json?search=products.active_ingredients.name%3A%22CRINECERFONT%22&count=products.marketing_status,2026-09-02T16:50:26Z,200,application/json,509,2daa74491e1412e61b5fc041656eca5a59b2aaf666804c40662d474c9de4c404,"W/""1fd-MryXCOL+CCmUxEVvdVBCiKY3Rlo""",,first_capture,raw/fda.drugsfda.cohort-status/2026/09/20260902T165026Z-2daa74491e14.json,,
fda.drugsfda.cohort-status,https://api.fda.gov/drug/drugsfda.json?search=products.active_ingredients.name%3A%22CROMOLYN%20SODIUM%22&count=products.marketing_status,2026-09-02T16:50:29Z,200,application/json,634,cc736fad0c2b97afb6ab5da5af0f4f93ade5a32239dc36e4c1981b9b3cc458c2,"W/""27a-CgFmno9q8DGVbAQTuVhOBmVhmvA""",,first_capture,raw/fda.drugsfda.cohort-status/2026/09/20260902T165029Z-cc736fad0c2b.json,,
fda.drugsfda.cohort-status,https://api.fda.gov/drug/drugsfda.json?search=products.active_ingredients.name%3A%22CYANOCOBALAMIN%22&count=products.marketing_status,2026-09-02T16:50:33Z,200,application/json,571,36d6a4703eb5144db6a511f898c193bd78520f6d4aa98fa5bca95126f9f9f03f,"W/""23b-F6DvrY7EkWvtFIADydi5HnEYMYI""",,first_capture,raw/fda.drugsfda.cohort-status/2026/09/20260902T165033Z-36d6a4703eb5.json,,
fda.drugsfda.cohort-status,https://api.fda.gov/drug/drugsfda.json?search=products.active_ingredients.name%3A%22CYCLOPHOSPHAMIDE%22&count=products.marketing_status,2026-09-02T16:50:36Z,200,application/json,643,b1cc04322f54acd85853c2a1f1ae11a711381030ca7dacf44fcfd841f79ee27f,"W/""283-Ceqgv/ud7su5UwFTra/0MTRDHv4""",,first_capture,raw/fda.drugsfda.cohort-status/2026/09/20260902T165036Z-b1cc04322f54.json,,
fda.drugsfda.cohort-status,https://api.fda.gov/drug/drugsfda.json?search=products.active_ingredients.name%3A%22DACOMITINIB%22&count=products.marketing_status,2026-09-02T16:50:39Z,200,application/json,509,a1bec4e0ed2f963c7e2cd7a98414f1d03791f9e738586444355aff76101a18ad,"W/""1fd-b1W9hhPtm2mnwgvfpR8T9wgd/E0""",,first_capture,raw/fda.drugsfda.cohort-status/2026/09/20260902T165039Z-a1bec4e0ed2f.json,,
fda.drugsfda.cohort-status,https://api.fda.gov/drug/drugsfda.json?search=products.active_ingredients.name%3A%22DAPSONE%22&count=products.marketing_status,2026-09-02T16:50:43Z,200,application/json,570,2940960545c8db933d51b6a101e2273553f2c7e38d3b2a5f051d3b5e7ef4970a,"W/""23a-M11k27iUD7TvtPZ+3CaFuPwOFN8""",,first_capture,raw/fda.drugsfda.cohort-status/2026/09/20260902T165043Z-2940960545c8.json,,
fda.drugsfda.cohort-status,https://api.fda.gov/drug/drugsfda.json?search=products.active_ingredients.name%3A%22DAPTOMYCIN%22&count=products.marketing_status,2026-09-02T16:50:46Z,200,application/json,643,1675167f1cda0daf9b4456455aff8a66fac7eb6f1a2bd65c6ba48d80f2032993,"W/""283-9fBY6pMDOlIteYkg+/4AdNxGttQ""",,first_capture,raw/fda.drugsfda.cohort-status/2026/09/20260902T165046Z-1675167f1cda.json,,
fda.drugsfda.cohort-status,https://api.fda.gov/drug/drugsfda.json?search=products.active_ingredients.name%3A%22DAUNORUBICIN%20HYDROCHLORIDE%22&count=products.marketing_status,2026-09-02T16:50:49Z,200,application/json,569,aa8d5d752a0478cd641bc61548e8275807e937a878a9f747fa94af3a80122aaa,"W/""239-WplorrB8GzXZdiKqYL9ViwEQ0CM""",,first_capture,raw/fda.drugsfda.cohort-status/2026/09/20260902T165049Z-aa8d5d752a04.json,,
fda.drugsfda.cohort-status,https://api.fda.gov/drug/drugsfda.json?search=products.active_ingredients.name%3A%22DECITABINE%22&count=products.marketing_status,2026-09-02T16:50:53Z,200,application/json,570,b8823d379ec26824f3e0a91d57d806601e4367a54aea3931808af3abb3d0d845,"W/""23a-y9AceUQtQj6+O+8aOVXj+4tnVqQ""",,first_capture,raw/fda.drugsfda.cohort-status/2026/09/20260902T165053Z-b8823d379ec2.json,,
fda.drugsfda.cohort-status,https://api.fda.gov/drug/drugsfda.json?search=products.active_ingredients.name%3A%22DEFERIPRONE%22&count=products.marketing_status,2026-09-02T16:50:56Z,200,application/json,569,a5e7dfd078950c7e34c93f9e99a7635d341aa617a4cde06df712298662c5687d,"W/""239-wf97IWAfK2eZX7veamjrJ5UTEf0""",,first_capture,raw/fda.drugsfda.cohort-status/2026/09/20260902T165056Z-a5e7dfd07895.json,,
fda.drugsfda.cohort-status,https://api.fda.gov/drug/drugsfda.json?search=products.active_ingredients.name%3A%22DEHYDRATED%20ALCOHOL%22&count=products.marketing_status,2026-09-02T16:50:59Z,200,application/json,569,f4488a9ee9233e6090f7eba12352e0bacdf87ec69f0be62168ec5f2e64994c2e,"W/""239-ck2v1xHM7O/paXhDy+rP1LS2l+k""",,first_capture,raw/fda.drugsfda.cohort-status/2026/09/20260902T165059Z-f4488a9ee923.json,,
fda.drugsfda.cohort-status,https://api.fda.gov/drug/drugsfda.json?search=products.active_ingredients.name%3A%22DESMOPRESSIN%20ACETATE%22&count=products.marketing_status,2026-09-02T16:51:03Z,200,application/json,571,e7c8c72f2a73b4794218a4bb4245fb85d4c335a3d4d04ab8a7aab2be26c19f40,"W/""23b-CHsaAgaiM6m67E7GpndrX49BGpE""",,first_capture,raw/fda.drugsfda.cohort-status/2026/09/20260902T165103Z-e7c8c72f2a73.json,,
fda.drugsfda.cohort-status,https://api.fda.gov/drug/drugsfda.json?search=products.active_ingredients.name%3A%22DESONIDE%22&count=products.marketing_status,2026-09-02T16:51:06Z,200,application/json,571,7c43b6f9458535aba931647694d35e66571b11fcf29697c24d4cb8ebb46ab174,"W/""23b-Ylji7eLxz2NBMLENq6YufKorZxA""",,first_capture,raw/fda.drugsfda.cohort-status/2026/09/20260902T165106Z-7c43b6f94585.json,,
fda.drugsfda.cohort-status,https://api.fda.gov/drug/drugsfda.json?search=products.active_ingredients.name%3A%22DEXAMETHASONE%20SODIUM%20PHOSPHATE%22&count=products.marketing_status,2026-09-02T16:51:10Z,200,application/json,571,c4777979b8c74901f6a3b118568ea1718cd739be8c6e70dda325752b361a9856,"W/""23b-pNu7KO118YicZsnCmnz7IRHzEXY""",,first_capture,raw/fda.drugsfda.cohort-status/2026/09/20260902T165110Z-c4777979b8c7.json,,
fda.drugsfda.cohort-status,https://api.fda.gov/drug/drugsfda.json?search=products.active_ingredients.name%3A%22DEXMEDETOMIDINE%20HYDROCHLORIDE%22&count=products.marketing_status,2026-09-02T16:51:13Z,200,application/json,643,7a32a1befb5646984fa12ea6baf40d6c631e02630edb9c884175653d741fcd99,"W/""283-CZPCSecqO4AHVG0fRk3q2jGn8l0""",,first_capture,raw/fda.drugsfda.cohort-status/2026/09/20260902T165113Z-7a32a1befb56.json,,
fda.drugsfda.cohort-status,https://api.fda.gov/drug/drugsfda.json?search=products.active_ingredients.name%3A%22DEXRAZOXANE%22&count=products.marketing_status,2026-09-02T16:51:16Z,200,application/json,569,0c57a26f4beb8cc8ae15c45f77e19b3d8059cedd4f2b14007da0f388c08bdef9,"W/""239-st0hu+Z/CqA2U2lsUNcBA8chTvs""",,first_capture,raw/fda.drugsfda.cohort-status/2026/09/20260902T165116Z-0c57a26f4beb.json,,
fda.drugsfda.cohort-status,https://api.fda.gov/drug/drugsfda.json?search=products.active_ingredients.name%3A%22DIAZEPAM%22&count=products.marketing_status,2026-09-02T16:51:20Z,200,application/json,644,1b22f415c6e2fa2eaac748605c6c8b2dcd21db2f90ee0747dff6c215d26c6095,"W/""284-6sjWnZwxLiRWsW0oe2MGnYkNfsI""",,first_capture,raw/fda.drugsfda.cohort-status/2026/09/20260902T165120Z-1b22f415c6e2.json,,
fda.drugsfda.cohort-status,https://api.fda.gov/drug/drugsfda.json?search=products.active_ingredients.name%3A%22DICLOFENAC%20SODIUM%22&count=products.marketing_status,2026-09-02T16:51:23Z,200,application/json,708,417d8000ac1f53156d76eb8ebf4641b66edd894aedd6cecdc4b9dd2c6e572852,"W/""2c4-AzWl05VooljzSf42jeeZa6z3u0M""",,first_capture,raw/fda.drugsfda.cohort-status/2026/09/20260902T165123Z-417d8000ac1f.json,,
fda.drugsfda.cohort-status,https://api.fda.gov/drug/drugsfda.json?search=products.active_ingredients.name%3A%22DILTIAZEM%20HYDROCHLORIDE%22&count=products.marketing_status,2026-09-02T16:51:26Z,200,application/json,571,212eab7d902d5cdcd470a2b2b433b997706aa2099cfbe42f5f7e35ec1f6486c6,"W/""23b-SyEv2egGZmh3L5QK+gyaL+rRrsQ""",,first_capture,raw/fda.drugsfda.cohort-status/2026/09/20260902T165126Z-212eab7d902d.json,,
fda.drugsfda.cohort-status,https://api.fda.gov/drug/drugsfda.json?search=products.active_ingredients.name%3A%22DIPHENHYDRAMINE%20HYDROCHLORIDE%22&count=products.marketing_status,2026-09-02T16:51:30Z,200,application/json,635,24227877bfe8c0e343c0c3a72f7156c21fd72448d6e2780da9be57967df05870,"W/""27b-IxrTGVGkShbglTvyqMYgXi6Tzso""",,first_capture,raw/fda.drugsfda.cohort-status/2026/09/20260902T165130Z-24227877bfe8.json,,
fda.drugsfda.cohort-status,https://api.fda.gov/drug/drugsfda.json?search=products.active_ingredients.name%3A%22DISOPYRAMIDE%20PHOSPHATE%22&count=products.marketing_status,2026-09-02T16:51:33Z,200,application/json,570,0e391100fb57ccdfd6506dc1d93470f559314ce0327ae2d3629f59ce271c50c9,"W/""23a-YxWoclU4fvmQgaRddP+bucvB1Fo""",,first_capture,raw/fda.drugsfda.cohort-status/2026/09/20260902T165133Z-0e391100fb57.json,,
fda.drugsfda.cohort-status,https://api.fda.gov/drug/drugsfda.json?search=products.active_ingredients.name%3A%22DOBUTAMINE%20HYDROCHLORIDE%22&count=products.marketing_status,2026-09-02T16:51:36Z,200,application/json,570,fb84dd8f4b56e1c1d8bddfaf07243c529b1b73f546c2dd872bc956c783c5b30d,"W/""23a-OJ65DMtxAK5AiGLk27BLOVS5wWw""",,first_capture,raw/fda.drugsfda.cohort-status/2026/09/20260902T165136Z-fb84dd8f4b56.json,,
fda.drugsfda.cohort-status,https://api.fda.gov/drug/drugsfda.json?search=products.active_ingredients.name%3A%22DOCETAXEL%22&count=products.marketing_status,2026-09-02T16:51:40Z,200,application/json,571,06d030f86944c22414c994aaa8e90c7c05b3b194c1d840d08393950744545a07,"W/""23b-JGKmTacimHukfNBMtXrVUbSxCxY""",,first_capture,raw/fda.drugsfda.cohort-status/2026/09/20260902T165140Z-06d030f86944.json,,
fda.drugsfda.cohort-status,https://api.fda.gov/drug/drugsfda.json?search=products.active_ingredients.name%3A%22DOPAMINE%20HYDROCHLORIDE%22&count=products.marketing_status,2026-09-02T16:51:43Z,200,application/json,570,892a5bc8ee8c49339fe82125a2081f4e556a48fc7417982582ba87a5b971473d,"W/""23a-Hfl/uDF2zWwkOk9/dPAlFKOIxc0""",,first_capture,raw/fda.drugsfda.cohort-status/2026/09/20260902T165143Z-892a5bc8ee8c.json,,
fda.drugsfda.cohort-status,https://api.fda.gov/drug/drugsfda.json?search=products.active_ingredients.name%3A%22DOXERCALCIFEROL%22&count=products.marketing_status,2026-09-02T16:51:46Z,200,application/json,643,2a4bc92829612065629d064a800b6b869fe346acb3b5bfcde8bcf388a381f9c9,"W/""283-G78fg8l96YnDC3xF1nUWQV5E7NE""",,first_capture,raw/fda.drugsfda.cohort-status/2026/09/20260902T165146Z-2a4bc9282961.json,,
fda.drugsfda.cohort-status,https://api.fda.gov/drug/drugsfda.json?search=products.active_ingredients.name%3A%22DOXYCYCLINE%22&count=products.marketing_status,2026-09-02T16:51:50Z,200,application/json,644,77d051775e904d6aac29de087b27b1ba152da906a7724acd3ac4d7158d188c06,"W/""284-ZG5Rv4mrd5amSWP5lB0U7malGb4""",,first_capture,raw/fda.drugsfda.cohort-status/2026/09/20260902T165150Z-77d051775e90.json,,
fda.drugsfda.cohort-status,https://api.fda.gov/drug/drugsfda.json?search=products.active_ingredients.name%3A%22DOXYCYCLINE%20HYCLATE%22&count=products.marketing_status,2026-09-02T16:51:53Z,200,application/json,571,3424a57aaa3ec7e9201568e8366f26ce69bccfd41ca1628830b8afa4f963810c,"W/""23b-cto/ECxNgNlqff28r+SwW1gRENI""",,first_capture,raw/fda.drugsfda.cohort-status/2026/09/20260902T165153Z-3424a57aaa3e.json,,
fda.drugsfda.cohort-status,https://api.fda.gov/drug/drugsfda.json?search=products.active_ingredients.name%3A%22ECHOTHIOPHATE%20IODIDE%22&count=products.marketing_status,2026-09-02T16:51:57Z,200,application/json,569,1794b8383ac0e6f172cd2e96bcda6a6bdb9a0175e7e10106990d2822805cbad3,"W/""239-y71nTlqvnJGjIRH6pRRY4MCcdJ4""",,first_capture,raw/fda.drugsfda.cohort-status/2026/09/20260902T165157Z-1794b8383ac0.json,,
fda.drugsfda.cohort-status,https://api.fda.gov/drug/drugsfda.json?search=products.active_ingredients.name%3A%22EMTRICITABINE%22&count=products.marketing_status,2026-09-02T16:52:00Z,200,application/json,644,b265481efcaaab1b3686dedf18c652b9436a5edd21dee8ebfc26b388ea25a1f9,"W/""284-Suqb3Mahlsw1pv1w+hNesFLrJoQ""",,first_capture,raw/fda.drugsfda.cohort-status/2026/09/20260902T165200Z-b265481efcaa.json,,
fda.drugsfda.cohort-status,https://api.fda.gov/drug/drugsfda.json?search=products.active_ingredients.name%3A%22ENOXAPARIN%20SODIUM%22&count=products.marketing_status,2026-09-02T16:52:03Z,200,application/json,570,f87150d6e621bef5f3b23e6b71e8ddd749ae5bee48db8c8cec9927a53e6f8fd4,"W/""23a-M/WKWtsUzc1Euhu/dYcdFh7OVbs""",,first_capture,raw/fda.drugsfda.cohort-status/2026/09/20260902T165203Z-f87150d6e621.json,,
fda.drugsfda.cohort-status,https://api.fda.gov/drug/drugsfda.json?search=products.active_ingredients.name%3A%22EPINEPHRINE%22&count=products.marketing_status,2026-09-02T16:52:06Z,200,application/json,708,5fe6b0c9d2fb0b75792c6409d452362c67d0222daf8dea7a0867309aeaf4d972,"W/""2c4-u3KuARHyScP8g5zcHOQjHiBOu7c""",,first_capture,raw/fda.drugsfda.cohort-status/2026/09/20260902T165206Z-5fe6b0c9d2fb.json,,
fda.drugsfda.cohort-status,https://api.fda.gov/drug/drugsfda.json?search=products.active_ingredients.name%3A%22EPTIFIBATIDE%22&count=products.marketing_status,2026-09-02T16:52:10Z,200,application/json,569,07a14840d9b29db9fb5dfbc7da5fa6a18b5ad845f4e00b98ee17f98cf5d007c4,"W/""239-C5TjCgd1VsV1AK5Z5vXGzk8Vink""",,first_capture,raw/fda.drugsfda.cohort-status/2026/09/20260902T165210Z-07a14840d9b2.json,,
fda.drugsfda.cohort-status,https://api.fda.gov/drug/drugsfda.json?search=products.active_ingredients.name%3A%22ERTAPENEM%20SODIUM%22&count=products.marketing_status,2026-09-02T16:52:13Z,200,application/json,569,f4488a9ee9233e6090f7eba12352e0bacdf87ec69f0be62168ec5f2e64994c2e,"W/""239-ck2v1xHM7O/paXhDy+rP1LS2l+k""",,first_capture,raw/fda.drugsfda.cohort-status/2026/09/20260902T165213Z-f4488a9ee923.json,,
fda.drugsfda.cohort-status,https://api.fda.gov/drug/drugsfda.json?search=products.active_ingredients.name%3A%22ESMOLOL%20HYDROCHLORIDE%22&count=products.marketing_status,2026-09-02T16:52:16Z,200,application/json,570,3ffff899b78e336ef710c36b14850b95356af1390c325a1a25cc938690a95a12,"W/""23a-FITVV8XkjiybrkJHyqp3+4tIKn0""",,first_capture,raw/fda.drugsfda.cohort-status/2026/09/20260902T165216Z-3ffff899b78e.json,,
fda.drugsfda.cohort-status,https://api.fda.gov/drug/drugsfda.json?search=products.active_ingredients.name%3A%22ETOMIDATE%22&count=products.marketing_status,2026-09-02T16:52:20Z,200,application/json,569,7fd1dcc0d85444a78a60fb13451cfaf4fc26a8301923f9262415d6584d285da4,"W/""239-Tr5c51KTwmiMFrAc8cGpaHvRK7w""",,first_capture,raw/fda.drugsfda.cohort-status/2026/09/20260902T165220Z-7fd1dcc0d854.json,,
fda.drugsfda.cohort-status,https://api.fda.gov/drug/drugsfda.json?search=products.active_ingredients.name%3A%22ETRAVIRINE%22&count=products.marketing_status,2026-09-02T16:52:23Z,200,application/json,569,fe5d5fd46ef730860ecb9b3bc88f98dc6fc7a8d5be0775f3bacb6b54f534d7b7,"W/""239-6hNFRN54R8Di4g6rxzGvVEC7iiY""",,first_capture,raw/fda.drugsfda.cohort-status/2026/09/20260902T165223Z-fe5d5fd46ef7.json,,
fda.drugsfda.cohort-status,https://api.fda.gov/drug/drugsfda.json?search=products.active_ingredients.name%3A%22EVEROLIMUS%22&count=products.marketing_status,2026-09-02T16:52:27Z,200,application/json,570,cc089f090d2c96a4d0cbcd0b5573080b2e80b612ee319ac9336b16b3902a0263,"W/""23a-8jVhJskrmg8zXcLnx3tLzmGs2Q4""",,first_capture,raw/fda.drugsfda.cohort-status/2026/09/20260902T165227Z-cc089f090d2c.json,,
fda.drugsfda.cohort-status,https://api.fda.gov/drug/drugsfda.json?search=products.active_ingredients.name%3A%22FAMOTIDINE%22&count=products.marketing_status,2026-09-02T16:52:30Z,200,application/json,709,31242a2acdc657997552d7255025389e0ae4b23a39c472ab208c81a147995231,"W/""2c5-R9lvjEslssCtiD6QMCmsXN8MYCk""",,first_capture,raw/fda.drugsfda.cohort-status/2026/09/20260902T165230Z-31242a2acdc6.json,,
fda.drugsfda.cohort-status,https://api.fda.gov/drug/drugsfda.json?search=products.active_ingredients.name%3A%22FENTANYL%20CITRATE%22&count=products.marketing_status,2026-09-02T16:52:34Z,200,application/json,570,c6aaebc2b01e89bf6be31816533831a775e0522648e47b66550cab9f6ddb6135,"W/""23a-ni29IUnCYDxfvnpNwDMNZZO+gu8""",,first_capture,raw/fda.drugsfda.cohort-status/2026/09/20260902T165234Z-c6aaebc2b01e.json,,
fda.drugsfda.cohort-status,https://api.fda.gov/drug/drugsfda.json?search=products.active_ingredients.name%3A%22FLUCONAZOLE%22&count=products.marketing_status,2026-09-02T16:52:37Z,200,application/json,571,f131274c8adf12c6294eb91644cccc8aaa95b49cfc2dc1fc043a591fd939b24d,"W/""23b-vjGv+RNBa3hN4BKCHT6DbY7zjk0""",,first_capture,raw/fda.drugsfda.cohort-status/2026/09/20260902T165237Z-f131274c8adf.json,,
fda.drugsfda.cohort-status,https://api.fda.gov/drug/drugsfda.json?search=products.active_ingredients.name%3A%22FLUDEOXYGLUCOSE%20F%2018%22&count=products.marketing_status,2026-09-02T16:52:41Z,200,application/json,571,d74cc8af1798b59d7e720a1d7735720ea6463e9314a00f16da7149162b21133b,"W/""23b-3CWcxSPaUmqz1Pk7vl4Hm6N6MDQ""",,first_capture,raw/fda.drugsfda.cohort-status/2026/09/20260902T165241Z-d74cc8af1798.json,,
fda.drugsfda.cohort-status,https://api.fda.gov/drug/drugsfda.json?search=products.active_ingredients.name%3A%22FLUDEOXYGLUCOSE%20F-18%22&count=products.marketing_status,2026-09-02T16:52:44Z,200,application/json,571,d74cc8af1798b59d7e720a1d7735720ea6463e9314a00f16da7149162b21133b,"W/""23b-3CWcxSPaUmqz1Pk7vl4Hm6N6MDQ""",,first_capture,raw/fda.drugsfda.cohort-status/2026/09/20260902T165244Z-d74cc8af1798.json,,
fda.drugsfda.cohort-status,https://api.fda.gov/drug/drugsfda.json?search=products.active_ingredients.name%3A%22FLUMAZENIL%22&count=products.marketing_status,2026-09-02T16:52:47Z,200,application/json,569,20a23bb29ae95069cb512b6a3273a2af2c674188f087d25974d2d39822fbcdf0,"W/""239-k2uFq+w2OH30YSubBexD2PE1lwk""",,first_capture,raw/fda.drugsfda.cohort-status/2026/09/20260902T165247Z-20a23bb29ae9.json,,
fda.drugsfda.cohort-status,https://api.fda.gov/drug/drugsfda.json?search=products.active_ingredients.name%3A%22FLUORESCEIN%22&count=products.marketing_status,2026-09-02T16:52:51Z,200,application/json,569,dccc50f64410ca7b5ebb0d80389abc34e07dc1c742f20d6be536bdfffa5e8f9f,"W/""239-5Te9oPblo9ziWXPTV8e93lbEERE""",,first_capture,raw/fda.drugsfda.cohort-status/2026/09/20260902T165251Z-dccc50f64410.json,,
fda.drugsfda.cohort-status,https://api.fda.gov/drug/drugsfda.json?search=products.active_ingredients.name%3A%22FLUPHENAZINE%20HYDROCHLORIDE%22&count=products.marketing_status,2026-09-02T16:52:54Z,200,application/json,571,9edd7a64f1bbaee4130b0f0b590621db5bdf3f73c319ec2d35d5d262d623b985,"W/""23b-NnXHyfZqHgpDr2Ry5c8S62hRXak""",,first_capture,raw/fda.drugsfda.cohort-status/2026/09/20260902T165254Z-9edd7a64f1bb.json,,
fda.drugsfda.cohort-status,https://api.fda.gov/drug/drugsfda.json?search=products.active_ingredients.name%3A%22FLURAZEPAM%20HYDROCHLORIDE%22&count=products.marketing_status,2026-09-02T16:52:57Z,200,application/json,570,4a429a75c3ca881d3a6e0656a5777b8fa37c71e9b092527dc65fb2c41d47dd7b,"W/""23a-1RfbDo0vLC9m0d6urx5YIl3IEl8""",,first_capture,raw/fda.drugsfda.cohort-status/2026/09/20260902T165257Z-4a429a75c3ca.json,,
fda.drugsfda.cohort-status,https://api.fda.gov/drug/drugsfda.json?search=products.active_ingredients.name%3A%22FLUVASTATIN%20SODIUM%22&count=products.marketing_status,2026-09-02T16:53:01Z,200,application/json,642,29bb13dfd2e58befd76751af1f835522297e5b043a1c2366369ab9fb876c499a,"W/""282-cMVyE9YVgYVYbs/YDo7XaQhHq4g""",,first_capture,raw/fda.drugsfda.cohort-status/2026/09/20260902T165301Z-29bb13dfd2e5.json,,
fda.drugsfda.cohort-status,https://api.fda.gov/drug/drugsfda.json?search=products.active_ingredients.name%3A%22FONDAPARINUX%20SODIUM%22&count=products.marketing_status,2026-09-02T16:53:04Z,200,application/json,569,d3d1604bc35c649130afa1baf29d740ba3b229aeabbe3e507cdd6eac625ef215,"W/""239-i9kq4UMI48AdUw1lHaG+4cADMXQ""",,first_capture,raw/fda.drugsfda.cohort-status/2026/09/20260902T165304Z-d3d1604bc35c.json,,
fda.drugsfda.cohort-status,https://api.fda.gov/drug/drugsfda.json?search=products.active_ingredients.name%3A%22FOSAPREPITANT%20DIMEGLUMINE%22&count=products.marketing_status,2026-09-02T16:53:08Z,200,application/json,644,016ee0000acdbfe962ecd156ab38ac9f661796e3d3b6aa837af6800d1c545679,"W/""284-KqZwSa/JgzbSq9OBjl6m+vGA3A8""",,first_capture,raw/fda.drugsfda.cohort-status/2026/09/20260902T165308Z-016ee0000acd.json,,
fda.drugsfda.cohort-status,https://api.fda.gov/drug/drugsfda.json?search=products.active_ingredients.name%3A%22FOSCARNET%20SODIUM%22&count=products.marketing_status,2026-09-02T16:53:11Z,200,application/json,569,03ba347395fabbcd1ab7a0a812ebac532924e13e03dd82533d2f94a916cbd5a4,"W/""239-XVEHoj+vlh1PthSmHil0yM8IZYM""",,first_capture,raw/fda.drugsfda.cohort-status/2026/09/20260902T165311Z-03ba347395fa.json,,
fda.drugsfda.cohort-status,https://api.fda.gov/drug/drugsfda.json?search=products.active_ingredients.name%3A%22FROVATRIPTAN%20SUCCINATE%22&count=products.marketing_status,2026-09-02T16:53:14Z,200,application/json,569,0c57a26f4beb8cc8ae15c45f77e19b3d8059cedd4f2b14007da0f388c08bdef9,"W/""239-st0hu+Z/CqA2U2lsUNcBA8chTvs""",,first_capture,raw/fda.drugsfda.cohort-status/2026/09/20260902T165314Z-0c57a26f4beb.json,,
fda.drugsfda.cohort-status,https://api.fda.gov/drug/drugsfda.json?search=products.active_ingredients.name%3A%22FULVESTRANT%22&count=products.marketing_status,2026-09-02T16:53:18Z,200,application/json,570,d11ca1b77199190e5c5381b0995b10e4b713f57b23e77c3cdbb6c72e1a8e77f0,"W/""23a-BNPNLUfhJ5WrjQe/yiJJvia3fI4""",,first_capture,raw/fda.drugsfda.cohort-status/2026/09/20260902T165318Z-d11ca1b77199.json,,
fda.drugsfda.cohort-status,https://api.fda.gov/drug/drugsfda.json?search=products.active_ingredients.name%3A%22FUROSEMIDE%22&count=products.marketing_status,2026-09-02T16:53:21Z,200,application/json,571,9ac3f084dd8a6f9461d8aa85bb3ee84886916550c9c09d6bb596dfa754a4846a,"W/""23b-3sV7pviap4BCuZJhUk+zyb7p34w""",,first_capture,raw/fda.drugsfda.cohort-status/2026/09/20260902T165321Z-9ac3f084dd8a.json,,
fda.drugsfda.cohort-status,https://api.fda.gov/drug/drugsfda.json?search=products.active_ingredients.name%3A%22GADOBUTROL%22&count=products.marketing_status,2026-09-02T16:53:24Z,200,application/json,569,202fb39030edbbe32dca4d8bca7f8085c25c781a0da94da5ee1a47fa8ab0d1d4,"W/""239-wE+ASsq0HyNWp8FDF7VZpkkors8""",,first_capture,raw/fda.drugsfda.cohort-status/2026/09/20260902T165324Z-202fb39030ed.json,,
fda.drugsfda.cohort-status,https://api.fda.gov/drug/drugsfda.json?search=products.active_ingredients.name%3A%22GADOTERATE%20MEGLUMINE%22&count=products.marketing_status,2026-09-02T16:53:28Z,200,application/json,569,fe5d5fd46ef730860ecb9b3bc88f98dc6fc7a8d5be0775f3bacb6b54f534d7b7,"W/""239-6hNFRN54R8Di4g6rxzGvVEC7iiY""",,first_capture,raw/fda.drugsfda.cohort-status/2026/09/20260902T165328Z-fe5d5fd46ef7.json,,
fda.drugsfda.cohort-status,https://api.fda.gov/drug/drugsfda.json?search=products.active_ingredients.name%3A%22GEMCITABINE%22&count=products.marketing_status,2026-09-02T16:53:31Z,200,application/json,644,20f640252f8523aed45b8d8e3c9267322410cb8dd0e71bb8d7829f93509059e6,"W/""284-E8YStVnY6lxysPdAC2PtdV7PNGs""",,first_capture,raw/fda.drugsfda.cohort-status/2026/09/20260902T165331Z-20f640252f85.json,,
fda.drugsfda.cohort-status,https://api.fda.gov/drug/drugsfda.json?search=products.active_ingredients.name%3A%22GEMCITABINE%20HYDROCHLORIDE%22&count=products.marketing_status,2026-09-02T16:53:34Z,200,application/json,644,dfc2e2bd0830925128293825c56d079fb681a1612f04bfa936a594aa476b1fff,"W/""284-+long2qA6H4j7IjohFrmHn00HkI""",,first_capture,raw/fda.drugsfda.cohort-status/2026/09/20260902T165334Z-dfc2e2bd0830.json,,
fda.drugsfda.cohort-status,https://api.fda.gov/drug/drugsfda.json?search=products.active_ingredients.name%3A%22GEMFIBROZIL%22&count=products.marketing_status,2026-09-02T16:53:38Z,200,application/json,570,bcd7b9f8f6e1a0223980fa863811ae3e13ce8533602edb48b8d242d548dec65a,"W/""23a-ZECP0pwuM3KIwYfj0DoO5v9+AB0""",,first_capture,raw/fda.drugsfda.cohort-status/2026/09/20260902T165338Z-bcd7b9f8f6e1.json,,
fda.drugsfda.cohort-status,https://api.fda.gov/drug/drugsfda.json?search=products.active_ingredients.name%3A%22GENTAMICIN%22&count=products.marketing_status,2026-09-02T16:53:41Z,200,application/json,571,e2bed8c4568d7dd92cb556c38807a682f8402950becaba828ce8379917a3f511,"W/""23b-njY2pN3lG7ue7GOLJv1NpmppwJQ""",,first_capture,raw/fda.drugsfda.cohort-status/2026/09/20260902T165341Z-e2bed8c4568d.json,,
fda.drugsfda.cohort-status,https://api.fda.gov/drug/drugsfda.json?search=products.active_ingredients.name%3A%22GENTAMICIN%20SULFATE%22&count=products.marketing_status,2026-09-02T16:53:44Z,200,application/json,571,e2bed8c4568d7dd92cb556c38807a682f8402950becaba828ce8379917a3f511,"W/""23b-njY2pN3lG7ue7GOLJv1NpmppwJQ""",,first_capture,raw/fda.drugsfda.cohort-status/2026/09/20260902T165344Z-e2bed8c4568d.json,,
fda.drugsfda.cohort-status,https://api.fda.gov/drug/drugsfda.json?search=products.active_ingredients.name%3A%22GLYBURIDE%22&count=products.marketing_status,2026-09-02T16:53:48Z,200,application/json,571,682bb8d9502912c37c48feba27658bd69f9dac90534aea421a19a0f29d00c56a,"W/""23b-AE21mVg4j9iGQUPNPrCgUfwSXBw""",,first_capture,raw/fda.drugsfda.cohort-status/2026/09/20260902T165348Z-682bb8d95029.json,,
fda.drugsfda.cohort-status,https://api.fda.gov/drug/drugsfda.json?search=products.active_ingredients.name%3A%22GLYCOPYRROLATE%22&count=products.marketing_status,2026-09-02T16:53:51Z,200,application/json,571,b22d45cefb6c15d783a9b4b1775f586582ea93ab106ece47830fb9676fc71fe7,"W/""23b-vpKkbbr6KWZzrdmzPuhguuE/kWg""",,first_capture,raw/fda.drugsfda.cohort-status/2026/09/20260902T165351Z-b22d45cefb6c.json,,
fda.drugsfda.cohort-status,https://api.fda.gov/drug/drugsfda.json?search=products.active_ingredients.name%3A%22GUANFACINE%20HYDROCHLORIDE%22&count=products.marketing_status,2026-09-02T16:53:54Z,200,application/json,570,cefa776ef8f6281088617f1cd31ad67bebb68275cf0d539080b9d25a1291ccc3,"W/""23a-w5wooE0EulqWkG6kgdlFXTwrkwY""",,first_capture,raw/fda.drugsfda.cohort-status/2026/09/20260902T165354Z-cefa776ef8f6.json,,
fda.drugsfda.cohort-status,https://api.fda.gov/drug/drugsfda.json?search=products.active_ingredients.name%3A%22HALOPERIDOL%20DECANOATE%22&count=products.marketing_status,2026-09-02T16:53:57Z,200,application/json,569,3a119b371f681046fadeadf6a7fab2ef17160b8d51df18b7e799f63c1d5751f3,"W/""239-dlNc4dvTkjx75lLgPKvswq3QLWg""",,first_capture,raw/fda.drugsfda.cohort-status/2026/09/20260902T165357Z-3a119b371f68.json,,
fda.drugsfda.cohort-status,https://api.fda.gov/drug/drugsfda.json?search=products.active_ingredients.name%3A%22HEPARIN%20SODIUM%22&count=products.marketing_status,2026-09-02T16:54:01Z,200,application/json,571,49e36d7bef9ff160fb4b95e88c27a6b15657fac0101fdf7471c7d05f9396faf7,"W/""23b-81hYJi7lgJ1CMs8+yGKUhLDuFTw""",,first_capture,raw/fda.drugsfda.cohort-status/2026/09/20260902T165401Z-49e36d7bef9f.json,,
fda.drugsfda.cohort-status,https://api.fda.gov/drug/drugsfda.json?search=products.active_ingredients.name%3A%22HYDROCHLOROTHIAZIDE%22&count=products.marketing_status,2026-09-02T16:54:04Z,200,application/json,647,9a5e53fae933f401dffb3b089e7c9de51fecf94ec928a5e149a51b1a2e6a1fef,"W/""287-MWla0IRPuM6Amu0qOhfC2po5pQw""",,first_capture,raw/fda.drugsfda.cohort-status/2026/09/20260902T165404Z-9a5e53fae933.json,,
fda.drugsfda.cohort-status,https://api.fda.gov/drug/drugsfda.json?search=products.active_ingredients.name%3A%22HYDROCORTISONE%20SODIUM%20SUCCINATE%22&count=products.marketing_status,2026-09-02T16:54:07Z,200,application/json,570,e09a3501b53652c58c71280799a8b2b168a69c27264b7bd4301de6643b1210ab,"W/""23a-BP1X2IsGBKzt7Hj0MNKchgU30AU""",,first_capture,raw/fda.drugsfda.cohort-status/2026/09/20260902T165407Z-e09a3501b536.json,,
fda.drugsfda.cohort-status,https://api.fda.gov/drug/drugsfda.json?search=products.active_ingredients.name%3A%22HYDROMORPHONE%20HYDROCHLORIDE%22&count=products.marketing_status,2026-09-02T16:54:11Z,200,application/json,571,361c6640fabe7a23707b32e1235a3fd20fd8640b10c7ea52c829414c21c1683b,"W/""23b-pEEwLMk/8cnk+7wUpDEM329yyNU""",,first_capture,raw/fda.drugsfda.cohort-status/2026/09/20260902T165411Z-361c6640fabe.json,,
fda.drugsfda.cohort-status,https://api.fda.gov/drug/drugsfda.json?search=products.active_ingredients.name%3A%22HYDROXOCOBALAMIN%22&count=products.marketing_status,2026-09-02T16:54:14Z,200,application/json,569,9fcfb45fa900c340d31bfd7cff70601386fab5b32a379ddf2cfb1cd6ee84f1b8,"W/""239-uHfULooBXfXPiI+QOXruAGh1fCI""",,first_capture,raw/fda.drugsfda.cohort-status/2026/09/20260902T165414Z-9fcfb45fa900.json,,
fda.drugsfda.cohort-status,https://api.fda.gov/drug/drugsfda.json?search=products.active_ingredients.name%3A%22HYDROXYCHLOROQUINE%20SULFATE%22&count=products.marketing_status,2026-09-02T16:54:17Z,200,application/json,570,679c87a0425d856e10f8a1f8a1b5e57886d4ee198dba3a3e8413c2b808ee3ddc,"W/""23a-i7bM74dN/0BMaSWn7cr2YWtlduY""",,first_capture,raw/fda.drugsfda.cohort-status/2026/09/20260902T165417Z-679c87a0425d.json,,
fda.drugsfda.cohort-status,https://api.fda.gov/drug/drugsfda.json?search=products.active_ingredients.name%3A%22ICATIBANT%20ACETATE%22&count=products.marketing_status,2026-09-02T16:54:21Z,200,application/json,569,983cc358d6cdaf94aabd343945b224186c54d3bf5dd58cee331860d16e4dbbcb,"W/""239-uBTO1rbF2IScpo0Gd5/56+dTm9c""",,first_capture,raw/fda.drugsfda.cohort-status/2026/09/20260902T165421Z-983cc358d6cd.json,,
fda.drugsfda.cohort-status,https://api.fda.gov/drug/drugsfda.json?search=products.active_ingredients.name%3A%22ICOSAPENT%20ETHYL%22&count=products.marketing_status,2026-09-02T16:54:24Z,200,application/json,510,afb16395657fa1b4c481bd4a53c0e1092bba1f632c29334dff198b4720594c4b,"W/""1fe-wwSEN1j10cGKGpjPGJWcS4P+bG4""",,first_capture,raw/fda.drugsfda.cohort-status/2026/09/20260902T165424Z-afb16395657f.json,,
fda.drugsfda.cohort-status,https://api.fda.gov/drug/drugsfda.json?search=products.active_ingredients.name%3A%22IDARUBICIN%20HYDROCHLORIDE%22&count=products.marketing_status,2026-09-02T16:54:34Z,200,application/json,569,6088b02434bf1992c8676e26af5523c1db9cf903d35698c049a81f3b6e09155e,"W/""239-ic+3bmogGavIteVbhX8fW3i6ZiU""",,first_capture,raw/fda.drugsfda.cohort-status/2026/09/20260902T165434Z-6088b02434bf.json,,
fda.drugsfda.cohort-status,https://api.fda.gov/drug/drugsfda.json?search=products.active_ingredients.name%3A%22IDELALISIB%22&count=products.marketing_status,2026-09-02T16:54:37Z,200,application/json,509,50f3fe1e0b1ed90e8f89ffc83aada2401dcefa1b4369d64f831c434769b41454,"W/""1fd-eD7fn+2y0P9xRpCwPPcSKx/0YxA""",,first_capture,raw/fda.drugsfda.cohort-status/2026/09/20260902T165437Z-50f3fe1e0b1e.json,,
fda.drugsfda.cohort-status,https://api.fda.gov/drug/drugsfda.json?search=products.active_ingredients.name%3A%22IFOSFAMIDE%22&count=products.marketing_status,2026-09-02T16:54:40Z,200,application/json,569,849add31f1b92f9e153e4f78d9b0defaa9ae89e18e3bf9900781aa295abbe1f2,"W/""239-8XRnUG3LS29YUr7X/rlbthSQ8s4""",,first_capture,raw/fda.drugsfda.cohort-status/2026/09/20260902T165440Z-849add31f1b9.json,,
fda.drugsfda.cohort-status,https://api.fda.gov/drug/drugsfda.json?search=products.active_ingredients.name%3A%22INSULIN%20GLARGINE%22&count=products.marketing_status,2026-09-02T16:54:44Z,200,application/json,509,c9e5c86bc2c6bed7823ab84c3e11a33ba7327957f020f3bc8f77c54afccc85f9,"W/""1fd-NKQ4G+LrUHg9AYeegQk6rLQZHgU""",,first_capture,raw/fda.drugsfda.cohort-status/2026/09/20260902T165444Z-c9e5c86bc2c6.json,,
fda.drugsfda.cohort-status,https://api.fda.gov/drug/drugsfda.json?search=products.active_ingredients.name%3A%22INSULIN%20LISPRO%22&count=products.marketing_status,2026-09-02T16:54:47Z,200,application/json,569,d4c68d5d1d30ba314e5226f394e13a42d5c1e0f4bbf2e690b0531282804d3c93,"W/""239-8kCnKNMgyj2b1HbcjNz1sB7YzZE""",,first_capture,raw/fda.drugsfda.cohort-status/2026/09/20260902T165447Z-d4c68d5d1d30.json,,
fda.drugsfda.cohort-status,https://api.fda.gov/drug/drugsfda.json?search=products.active_ingredients.name%3A%22INSULIN%20LISPRO%20AABC%22&count=products.marketing_status,2026-09-02T16:54:51Z,200,application/json,509,1efb29338fd1ed11db88971f407afca76add6033f4d3c7669f4f5a1d5c759218,"W/""1fd-slmKsYO1ZvaIoPOpMi6OjBCvLhw""",,first_capture,raw/fda.drugsfda.cohort-status/2026/09/20260902T165451Z-1efb29338fd1.json,,
fda.drugsfda.cohort-status,https://api.fda.gov/drug/drugsfda.json?search=products.active_ingredients.name%3A%22IOHEXOL%22&count=products.marketing_status,2026-09-02T16:54:54Z,200,application/json,569,c04ba133f561b394b74d19cb07835ae5df15e83afd655d33759d32e3249578b0,"W/""239-6A6veXo2f6lqrighkB7blM2Yy1k""",,first_capture,raw/fda.drugsfda.cohort-status/2026/09/20260902T165454Z-c04ba133f561.json,,
fda.drugsfda.cohort-status,https://api.fda.gov/drug/drugsfda.json?search=products.active_ingredients.name%3A%22IOPAMIDOL%22&count=products.marketing_status,2026-09-02T16:54:57Z,200,application/json,570,b124ad919718733aa44ab41181693014b2b2f22c0f1627df58efdc8a1b149c08,"W/""23a-THFtt+tI+Qncot9r9hjOs19F5ck""",,first_capture,raw/fda.drugsfda.cohort-status/2026/09/20260902T165457Z-b124ad919718.json,,
fda.drugsfda.cohort-status,https://api.fda.gov/drug/drugsfda.json?search=products.active_ingredients.name%3A%22IRINOTECAN%20HYDROCHLORIDE%22&count=products.marketing_status,2026-09-02T16:55:00Z,200,application/json,571,0bb59c59d869e75f380f67282133b8bf7a60debd171207663ea141757b20fad8,"W/""23b-eUGWF2MWa6RW6GlJJvGKhZtUN/Q""",,first_capture,raw/fda.drugsfda.cohort-status/2026/09/20260902T165500Z-0bb59c59d869.json,,
fda.drugsfda.cohort-status,https://api.fda.gov/drug/drugsfda.json?search=products.active_ingredients.name%3A%22IRON%20SUCROSE%22&count=products.marketing_status,2026-09-02T16:55:08Z,200,application/json,569,fe5d5fd46ef730860ecb9b3bc88f98dc6fc7a8d5be0775f3bacb6b54f534d7b7,"W/""239-6hNFRN54R8Di4g6rxzGvVEC7iiY""",,first_capture,raw/fda.drugsfda.cohort-status/2026/09/20260902T165508Z-fe5d5fd46ef7.json,,
fda.drugsfda.cohort-status,https://api.fda.gov/drug/drugsfda.json?search=products.active_ingredients.name%3A%22ISOCARBOXAZID%22&count=products.marketing_status,2026-09-02T16:55:12Z,200,application/json,509,1efb29338fd1ed11db88971f407afca76add6033f4d3c7669f4f5a1d5c759218,"W/""1fd-slmKsYO1ZvaIoPOpMi6OjBCvLhw""",,first_capture,raw/fda.drugsfda.cohort-status/2026/09/20260902T165512Z-1efb29338fd1.json,,
fda.drugsfda.cohort-status,https://api.fda.gov/drug/drugsfda.json?search=products.active_ingredients.name%3A%22ITRACONAZOLE%22&count=products.marketing_status,2026-09-02T16:55:15Z,200,application/json,570,71e1be81593556d301112e55f5b092f43dd5e22c74328cef71d254c8220d801c,"W/""23a-+yYvK3lOxvtvNB46AovQyY+ExQA""",,first_capture,raw/fda.drugsfda.cohort-status/2026/09/20260902T165515Z-71e1be815935.json,,
fda.drugsfda.cohort-status,https://api.fda.gov/drug/drugsfda.json?search=products.active_ingredients.name%3A%22IVABRADINE%22&count=products.marketing_status,2026-09-02T16:55:18Z,200,application/json,569,a5e7dfd078950c7e34c93f9e99a7635d341aa617a4cde06df712298662c5687d,"W/""239-wf97IWAfK2eZX7veamjrJ5UTEf0""",,first_capture,raw/fda.drugsfda.cohort-status/2026/09/20260902T165518Z-a5e7dfd07895.json,,
fda.drugsfda.cohort-status,https://api.fda.gov/drug/drugsfda.json?search=products.active_ingredients.name%3A%22IVABRADINE%20HYDROCHLORIDE%22&count=products.marketing_status,2026-09-02T16:55:22Z,200,application/json,569,f4488a9ee9233e6090f7eba12352e0bacdf87ec69f0be62168ec5f2e64994c2e,"W/""239-ck2v1xHM7O/paXhDy+rP1LS2l+k""",,first_capture,raw/fda.drugsfda.cohort-status/2026/09/20260902T165522Z-f4488a9ee923.json,,
fda.drugsfda.cohort-status,https://api.fda.gov/drug/drugsfda.json?search=products.active_ingredients.name%3A%22KETAMINE%20HYDROCHLORIDE%22&count=products.marketing_status,2026-09-02T16:55:25Z,200,application/json,569,13f22ed69ff69e3d23312277253a1734cd93d63a7515fe7a1f3e17e6746f8a65,"W/""239-snmeqFNsqi1DE2EDt9lrjNy83sE""",,first_capture,raw/fda.drugsfda.cohort-status/2026/09/20260902T165525Z-13f22ed69ff6.json,,
fda.drugsfda.cohort-status,https://api.fda.gov/drug/drugsfda.json?search=products.active_ingredients.name%3A%22KETOROLAC%20TROMETHAMINE%22&count=products.marketing_status,2026-09-02T16:55:28Z,200,application/json,571,f18a0c848ba3da7cc8beab6851dc549a591bbb16a64f29fe01f443cb5f2f1586,"W/""23b-hDi59ilo51jIPXlGZrOpzs5wGHE""",,first_capture,raw/fda.drugsfda.cohort-status/2026/09/20260902T165528Z-f18a0c848ba3.json,,
fda.drugsfda.cohort-status,https://api.fda.gov/drug/drugsfda.json?search=products.active_ingredients.name%3A%22LAMOTRIGINE%22&count=products.marketing_status,2026-09-02T16:55:32Z,200,application/json,644,ff3407e1f7bcb915ab38e390bf3c5c599b74ced600398d0e2c6fa2a0d961267f,"W/""284-a9ZNjd12O2OxVlYYVSgqqdugr5o""",,first_capture,raw/fda.drugsfda.cohort-status/2026/09/20260902T165532Z-ff3407e1f7bc.json,,
fda.drugsfda.cohort-status,https://api.fda.gov/drug/drugsfda.json?search=products.active_ingredients.name%3A%22LANREOTIDE%20ACETATE%22&count=products.marketing_status,2026-09-02T16:55:35Z,200,application/json,509,50f3fe1e0b1ed90e8f89ffc83aada2401dcefa1b4369d64f831c434769b41454,"W/""1fd-eD7fn+2y0P9xRpCwPPcSKx/0YxA""",,first_capture,raw/fda.drugsfda.cohort-status/2026/09/20260902T165535Z-50f3fe1e0b1e.json,,
fda.drugsfda.cohort-status,https://api.fda.gov/drug/drugsfda.json?search=products.active_ingredients.name%3A%22LASMIDITAN%20SUCCINATE%22&count=products.marketing_status,2026-09-02T16:55:39Z,200,application/json,509,a1bec4e0ed2f963c7e2cd7a98414f1d03791f9e738586444355aff76101a18ad,"W/""1fd-b1W9hhPtm2mnwgvfpR8T9wgd/E0""",,first_capture,raw/fda.drugsfda.cohort-status/2026/09/20260902T165539Z-a1bec4e0ed2f.json,,
fda.drugsfda.cohort-status,https://api.fda.gov/drug/drugsfda.json?search=products.active_ingredients.name%3A%22LEFLUNOMIDE%22&count=products.marketing_status,2026-09-02T16:55:42Z,200,application/json,570,7f86e1e7de88e5fbea849707d70dbd8be5c87bf300117c9e6ce23f352e6ee5cd,"W/""23a-ZxZAMfVff21xrM+DV6PD2juINAE""",,first_capture,raw/fda.drugsfda.cohort-status/2026/09/20260902T165542Z-7f86e1e7de88.json,,
fda.drugsfda.cohort-status,https://api.fda.gov/drug/drugsfda.json?search=products.active_ingredients.name%3A%22LEVETIRACETAM%22&count=products.marketing_status,2026-09-02T16:55:45Z,200,application/json,644,61b7bd2579d4fd7dd8be77e95c2ee636c92ff527bd80acf2f2d9da8b9c8f3551,"W/""284-kOQKyzSJmTOaLplTy8PSeaLdgrI""",,first_capture,raw/fda.drugsfda.cohort-status/2026/09/20260902T165545Z-61b7bd2579d4.json,,
fda.drugsfda.cohort-status,https://api.fda.gov/drug/drugsfda.json?search=products.active_ingredients.name%3A%22LEVOFLOXACIN%22&count=products.marketing_status,2026-09-02T16:55:49Z,200,application/json,644,ea0a364059ea2e6ce102bdce55e3e8ccbc9fac1c1de10c5fe6cf37b45cc0b9cd,"W/""284-n6Y+fHPqa5mk5NUS4jYvMpk/RMM""",,first_capture,raw/fda.drugsfda.cohort-status/2026/09/20260902T165549Z-ea0a364059ea.json,,
fda.drugsfda.cohort-status,https://api.fda.gov/drug/drugsfda.json?search=products.active_ingredients.name%3A%22LEVOLEUCOVORIN%22&count=products.marketing_status,2026-09-02T16:55:52Z,200,application/json,570,5111a8df6eacc158883c7e761fd3d09b46f4f6cba1e867f2393fbc73830de7f4,"W/""23a-2oIS9sQJdL5RpccyhySwylpzoU4""",,first_capture,raw/fda.drugsfda.cohort-status/2026/09/20260902T165552Z-5111a8df6eac.json,,
fda.drugsfda.cohort-status,https://api.fda.gov/drug/drugsfda.json?search=products.active_ingredients.name%3A%22LIDOCAINE%20HYDROCHLORIDE%22&count=products.marketing_status,2026-09-02T16:55:55Z,200,application/json,571,b4440cd42128e3ea18d51f4d9b923da4438a0562e16a6889131e34b05a370f97,"W/""23b-Bkg198/+PI1W6RLuM2baj7h7Yuo""",,first_capture,raw/fda.drugsfda.cohort-status/2026/09/20260902T165555Z-b4440cd42128.json,,
fda.drugsfda.cohort-status,https://api.fda.gov/drug/drugsfda.json?search=products.active_ingredients.name%3A%22LINCOMYCIN%20HYDROCHLORIDE%22&count=products.marketing_status,2026-09-02T16:55:59Z,200,application/json,569,2c946b7f0d40010f009e56545c91e74f05a49248874f74f0f007319281ebb853,"W/""239-U7xj3riMQDJAazOXKeNs65husyU""",,first_capture,raw/fda.drugsfda.cohort-status/2026/09/20260902T165559Z-2c946b7f0d40.json,,
fda.drugsfda.cohort-status,https://api.fda.gov/drug/drugsfda.json?search=products.active_ingredients.name%3A%22LIRAGLUTIDE%22&count=products.marketing_status,2026-09-02T16:56:02Z,200,application/json,510,b5f27ff3a3ad7ef6b371c98f960132d60a9dfc8fedee56992de150051bbbaa78,"W/""1fe-6PBkup7jFH+U73oOs+s+ANO9KIY""",,first_capture,raw/fda.drugsfda.cohort-status/2026/09/20260902T165602Z-b5f27ff3a3ad.json,,
fda.drugsfda.cohort-status,https://api.fda.gov/drug/drugsfda.json?search=products.active_ingredients.name%3A%22LISDEXAMFETAMINE%20DIMESYLATE%22&count=products.marketing_status,2026-09-02T16:56:05Z,200,application/json,510,7fd004328da77de68fba42092797723a4987c6029cd9ee9c53363e06ab6ae0f0,"W/""1fe-ACwJpfhJp9aurgw3R6cykGxoCJ4""",,first_capture,raw/fda.drugsfda.cohort-status/2026/09/20260902T165605Z-7fd004328da7.json,,
fda.drugsfda.cohort-status,https://api.fda.gov/drug/drugsfda.json?search=products.active_ingredients.name%3A%22LORAZEPAM%22&count=products.marketing_status,2026-09-02T16:56:08Z,200,application/json,571,d62c9ec4f2a4559d93609a3dc6263bad32104238bb31a567b4bdda121d8ceefe,"W/""23b-iKVCIxgCVsToFFQeef1dlOm/Jvo""",,first_capture,raw/fda.drugsfda.cohort-status/2026/09/20260902T165608Z-d62c9ec4f2a4.json,,
fda.drugsfda.cohort-status,https://api.fda.gov/drug/drugsfda.json?search=products.active_ingredients.name%3A%22LORLATINIB%22&count=products.marketing_status,2026-09-02T16:56:12Z,200,application/json,509,1efb29338fd1ed11db88971f407afca76add6033f4d3c7669f4f5a1d5c759218,"W/""1fd-slmKsYO1ZvaIoPOpMi6OjBCvLhw""",,first_capture,raw/fda.drugsfda.cohort-status/2026/09/20260902T165612Z-1efb29338fd1.json,,
fda.drugsfda.cohort-status,https://api.fda.gov/drug/drugsfda.json?search=products.active_ingredients.name%3A%22MARAVIROC%22&count=products.marketing_status,2026-09-02T16:56:15Z,200,application/json,642,29bb13dfd2e58befd76751af1f835522297e5b043a1c2366369ab9fb876c499a,"W/""282-cMVyE9YVgYVYbs/YDo7XaQhHq4g""",,first_capture,raw/fda.drugsfda.cohort-status/2026/09/20260902T165615Z-29bb13dfd2e5.json,,
fda.drugsfda.cohort-status,https://api.fda.gov/drug/drugsfda.json?search=products.active_ingredients.name%3A%22MEPERIDINE%20HYDROCHLORIDE%22&count=products.marketing_status,2026-09-02T16:56:19Z,200,application/json,570,aeb231b25fef68aefde3799444e22928c3a9dee80166890efd8141b82cdde676,"W/""23a-QWMXSo2LxyHlA5XhRHjeluZM+jw""",,first_capture,raw/fda.drugsfda.cohort-status/2026/09/20260902T165619Z-aeb231b25fef.json,,
fda.drugsfda.cohort-status,https://api.fda.gov/drug/drugsfda.json?search=products.active_ingredients.name%3A%22MEPIVACAINE%20HYDROCHLORIDE%22&count=products.marketing_status,2026-09-02T16:56:22Z,200,application/json,570,91b1362481823cd955a45443bc170b128122e5659eafa90ad1bf1d58e6153b23,"W/""23a-5icOMwX0QXVUSMMRgwrBx0nSa4A""",,first_capture,raw/fda.drugsfda.cohort-status/2026/09/20260902T165622Z-91b136248182.json,,
fda.drugsfda.cohort-status,https://api.fda.gov/drug/drugsfda.json?search=products.active_ingredients.name%3A%22MEROPENEM%22&count=products.marketing_status,2026-09-02T16:56:25Z,200,application/json,570,b0ec646984d0c6bf84b743694bd1dc9f554e564761f5e680b5b2292e03c26615,"W/""23a-VSrADCge1C6lim1bi7tdZws+veM""",,first_capture,raw/fda.drugsfda.cohort-status/2026/09/20260902T165625Z-b0ec646984d0.json,,
fda.drugsfda.cohort-status,https://api.fda.gov/drug/drugsfda.json?search=products.active_ingredients.name%3A%22MESALAMINE%22&count=products.marketing_status,2026-09-02T16:56:29Z,200,application/json,571,ba83a4f63fb469530e9bec9e4ba8a00a496d89ddc0ae86fc709da34281f824f6,"W/""23b-uc7gsWcbbcJwME/6jf+4CvDwPZ0""",,first_capture,raw/fda.drugsfda.cohort-status/2026/09/20260902T165629Z-ba83a4f63fb4.json,,
fda.drugsfda.cohort-status,https://api.fda.gov/drug/drugsfda.json?search=products.active_ingredients.name%3A%22METHADONE%20HYDROCHLORIDE%22&count=products.marketing_status,2026-09-02T16:56:32Z,200,application/json,570,37aa1d5c0a42a485afe6504b6752d5f4d8b614fb127105f356a0df3674de1064,"W/""23a-Mqar/QhL/mwQC3JUffReAzryNUM""",,first_capture,raw/fda.drugsfda.cohort-status/2026/09/20260902T165632Z-37aa1d5c0a42.json,,
fda.drugsfda.cohort-status,https://api.fda.gov/drug/drugsfda.json?search=products.active_ingredients.name%3A%22METHOCARBAMOL%22&count=products.marketing_status,2026-09-02T16:56:35Z,200,application/json,571,a00cef7319336ec51211a7aa0117015c849e7e7e533ca86c597c3a2b5edee20b,"W/""23b-ALiUzfXNuLYeluC55lOjM0lkXLs""",,first_capture,raw/fda.drugsfda.cohort-status/2026/09/20260902T165635Z-a00cef731933.json,,
fda.drugsfda.cohort-status,https://api.fda.gov/drug/drugsfda.json?search=products.active_ingredients.name%3A%22METHOTREXATE%22&count=products.marketing_status,2026-09-02T16:56:39Z,200,application/json,571,3bde83531faa15c81e0389b0b5d63a1c933d67d3d1c7c63cca24d72b65857270,"W/""23b-94dOUbrL8ZpP7uLMhj3AfsMKx6A""",,first_capture,raw/fda.drugsfda.cohort-status/2026/09/20260902T165639Z-3bde83531faa.json,,
fda.drugsfda.cohort-status,https://api.fda.gov/drug/drugsfda.json?search=products.active_ingredients.name%3A%22METHOTREXATE%20SODIUM%22&count=products.marketing_status,2026-09-02T16:56:42Z,200,application/json,571,3a0ac483d8710c08f37f59782082c1d711e20ceda4109488633855150cf039a8,"W/""23b-5ymyxhPGJbhV5iB8iv0mwIQkjjw""",,first_capture,raw/fda.drugsfda.cohort-status/2026/09/20260902T165642Z-3a0ac483d871.json,,
fda.drugsfda.cohort-status,https://api.fda.gov/drug/drugsfda.json?search=products.active_ingredients.name%3A%22METHYLENE%20BLUE%22&count=products.marketing_status,2026-09-02T16:56:45Z,200,application/json,509,c9e5c86bc2c6bed7823ab84c3e11a33ba7327957f020f3bc8f77c54afccc85f9,"W/""1fd-NKQ4G+LrUHg9AYeegQk6rLQZHgU""",,first_capture,raw/fda.drugsfda.cohort-status/2026/09/20260902T165645Z-c9e5c86bc2c6.json,,
fda.drugsfda.cohort-status,https://api.fda.gov/drug/drugsfda.json?search=products.active_ingredients.name%3A%22ACETAMINOPHEN%22&count=products.marketing_status,2026-09-02T16:57:20Z,304,application/json,711,a0e0b2cd1453abe869d1db2a5b29027de58dda8017f3f53875b1bf8750b7fb76,"W/""2c7-7qSMw6XxavmZOb96ynPBooL4FhQ""",,unchanged,raw/fda.drugsfda.cohort-status/2026/09/20260902T164711Z-a0e0b2cd1453.json,not_modified,
fda.drugsfda.cohort-status,https://api.fda.gov/drug/drugsfda.json?search=products.active_ingredients.name%3A%22ACETAZOLAMIDE%22&count=products.marketing_status,2026-09-02T16:57:45Z,304,application/json,571,becca7622b64dac119557a2ed65e5d68e8312e2f3f7e1dcff738004fffdc13e4,"W/""23b-RDXxdDTc+kZ09WvLqIUI6VOZH84""",,unchanged,raw/fda.drugsfda.cohort-status/2026/09/20260902T164736Z-becca7622b64.json,not_modified,
fda.drugsfda.cohort-status,https://api.fda.gov/drug/drugsfda.json?search=products.active_ingredients.name%3A%22ACYCLOVIR%20SODIUM%22&count=products.marketing_status,2026-09-02T16:57:48Z,304,application/json,570,cc0aaad67cb20328b713949fd8cc44877c46893fb14ba6a9dbdb9f2a6e4c636b,"W/""23a-MpvSlduqsfMUvMw+/cvDyUizegw""",,unchanged,raw/fda.drugsfda.cohort-status/2026/09/20260902T164739Z-cc0aaad67cb2.json,not_modified,
fda.drugsfda.cohort-status,https://api.fda.gov/drug/drugsfda.json?search=products.active_ingredients.name%3A%22ADALIMUMAB%20ADAZ%22&count=products.marketing_status,2026-09-02T16:57:52Z,304,application/json,509,1efb29338fd1ed11db88971f407afca76add6033f4d3c7669f4f5a1d5c759218,"W/""1fd-slmKsYO1ZvaIoPOpMi6OjBCvLhw""",,unchanged,raw/fda.drugsfda.cohort-status/2026/09/20260902T164742Z-1efb29338fd1.json,not_modified,
fda.drugsfda.cohort-status,https://api.fda.gov/drug/drugsfda.json?search=products.active_ingredients.name%3A%22ADALIMUMAB%20AFZB%22&count=products.marketing_status,2026-09-02T16:57:55Z,304,application/json,509,1efb29338fd1ed11db88971f407afca76add6033f4d3c7669f4f5a1d5c759218,"W/""1fd-slmKsYO1ZvaIoPOpMi6OjBCvLhw""",,unchanged,raw/fda.drugsfda.cohort-status/2026/09/20260902T164746Z-1efb29338fd1.json,not_modified,
fda.drugsfda.cohort-status,https://api.fda.gov/drug/drugsfda.json?search=products.active_ingredients.name%3A%22ADALIMUMAB%20RYVK%22&count=products.marketing_status,2026-09-02T16:57:58Z,304,application/json,509,1efb29338fd1ed11db88971f407afca76add6033f4d3c7669f4f5a1d5c759218,"W/""1fd-slmKsYO1ZvaIoPOpMi6OjBCvLhw""",,unchanged,raw/fda.drugsfda.cohort-status/2026/09/20260902T164749Z-1efb29338fd1.json,not_modified,
fda.drugsfda.cohort-status,https://api.fda.gov/drug/drugsfda.json?search=products.active_ingredients.name%3A%22ALBUTEROL%20SULFATE%22&count=products.marketing_status,2026-09-02T16:58:02Z,304,application/json,571,9d94e2e57491351a3caefad33fcc921e2fd0f082a3caa5e665debdcc9844c337,"W/""23b-u9Ye8KfxjV/eWnU9LA8cXwuLkyc""",,unchanged,raw/fda.drugsfda.cohort-status/2026/09/20260902T164752Z-9d94e2e57491.json,not_modified,
fda.drugsfda.cohort-status,https://api.fda.gov/drug/drugsfda.json?search=products.active_ingredients.name%3A%22ALLOPURINOL%22&count=products.marketing_status,2026-09-02T16:58:05Z,304,application/json,571,84f67c730ee2dd38bd42a201b5f33a49ddfdc8921a4b522e8f8c46f22091156e,"W/""23b-tK/DXcQytqnJNJy+ApDjdiw8lzc""",,unchanged,raw/fda.drugsfda.cohort-status/2026/09/20260902T164755Z-84f67c730ee2.json,not_modified,
fda.drugsfda.cohort-status,https://api.fda.gov/drug/drugsfda.json?search=products.active_ingredients.name%3A%22ALTEPLASE%22&count=products.marketing_status,2026-09-02T16:58:08Z,304,application/json,509,1efb29338fd1ed11db88971f407afca76add6033f4d3c7669f4f5a1d5c759218,"W/""1fd-slmKsYO1ZvaIoPOpMi6OjBCvLhw""",,unchanged,raw/fda.drugsfda.cohort-status/2026/09/20260902T164759Z-1efb29338fd1.json,not_modified,
fda.drugsfda.cohort-status,https://api.fda.gov/drug/drugsfda.json?search=products.active_ingredients.name%3A%22AMINOCAPROIC%20ACID%22&count=products.marketing_status,2026-09-02T16:58:12Z,304,application/json,571,0bb59c59d869e75f380f67282133b8bf7a60debd171207663ea141757b20fad8,"W/""23b-eUGWF2MWa6RW6GlJJvGKhZtUN/Q""",,unchanged,raw/fda.drugsfda.cohort-status/2026/09/20260902T164802Z-0bb59c59d869.json,not_modified,
fda.drugsfda.cohort-status,https://api.fda.gov/drug/drugsfda.json?search=products.active_ingredients.name%3A%22AMPICILLIN%20SODIUM%22&count=products.marketing_status,2026-09-02T16:58:15Z,304,application/json,571,e1f471e7957e623d3604de46fa97be7d1a03b368a3d9e6db6f9cf91bfe916cf5,"W/""23b-Gk37t/BI8wyBMBJHRUrfgpx3ioM""",,unchanged,raw/fda.drugsfda.cohort-status/2026/09/20260902T164805Z-e1f471e7957e.json,not_modified,
fda.drugsfda.cohort-status,https://api.fda.gov/drug/drugsfda.json?search=products.active_ingredients.name%3A%22ANAGRELIDE%20HYDROCHLORIDE%22&count=products.marketing_status,2026-09-02T16:58:18Z,304,application/json,569,7c1209775ccde3faf5ec569481a82f48ae497f6c4392e5826006b72c254a6e3b,"W/""239-HDO3mJdf9Duc19TyIgd10JjEEHA""",,unchanged,raw/fda.drugsfda.cohort-status/2026/09/20260902T164809Z-7c1209775ccd.json,not_modified,
fda.drugsfda.cohort-status,https://api.fda.gov/drug/drugsfda.json?search=products.active_ingredients.name%3A%22APREPITANT%22&count=products.marketing_status,2026-09-02T16:58:21Z,304,application/json,642,33e7e9220513197f015b1d3ba32ccbce80e652ce548853dfb8e29aef5957ca03,"W/""282-ykMsw8hcwaxiLGYU2kOGmgTtzmY""",,unchanged,raw/fda.drugsfda.cohort-status/2026/09/20260902T164812Z-33e7e9220513.json,not_modified,
fda.drugsfda.cohort-status,https://api.fda.gov/drug/drugsfda.json?search=products.active_ingredients.name%3A%22ARSENIC%20TRIOXIDE%22&count=products.marketing_status,2026-09-02T16:58:25Z,304,application/json,643,13a76f5d67dde79341707984507e6f60274e55db5a5c5de66c33fa2488938d95,"W/""283-8mW+1qpLMojCP1VitkyhC6NWTM4""",,unchanged,raw/fda.drugsfda.cohort-status/2026/09/20260902T164815Z-13a76f5d67dd.json,not_modified,
fda.drugsfda.cohort-status,https://api.fda.gov/drug/drugsfda.json?search=products.active_ingredients.name%3A%22ATROPINE%20SULFATE%22&count=products.marketing_status,2026-09-02T16:58:28Z,304,application/json,571,94c7537793e13b0bfe826a204136140815d0e0e4084d490a74c120505a4df3f3,"W/""23b-KPlb5ZIdL6bf4g/iBdkXaLsUxB8""",,unchanged,raw/fda.drugsfda.cohort-status/2026/09/20260902T164819Z-94c7537793e1.json,not_modified,
fda.drugsfda.cohort-status,https://api.fda.gov/drug/drugsfda.json?search=products.active_ingredients.name%3A%22AZACITIDINE%22&count=products.marketing_status,2026-09-02T16:58:32Z,304,application/json,643,9a8ad3cd2cef1aae9ef32b750f8ad4f364a45c50385f771b388171120a3d7b00,"W/""283-BebEeD72df3QRC4ChUN1K/C2koE""",,unchanged,raw/fda.drugsfda.cohort-status/2026/09/20260902T164822Z-9a8ad3cd2cef.json,not_modified,
fda.drugsfda.cohort-status,https://api.fda.gov/drug/drugsfda.json?search=products.active_ingredients.name%3A%22AZITHROMYCIN%22&count=products.marketing_status,2026-09-02T16:58:35Z,304,application/json,644,8d8b8e88af0f38ddcf2ab7f182a31bb09cec10ec19d276280ed191789f61f850,"W/""284-k46bSZR/LUZn4bNExcWoCL4mhBs""",,unchanged,raw/fda.drugsfda.cohort-status/2026/09/20260902T164825Z-8d8b8e88af0f.json,not_modified,
fda.drugsfda.cohort-status,https://api.fda.gov/drug/drugsfda.json?search=products.active_ingredients.name%3A%22BACITRACIN%22&count=products.marketing_status,2026-09-02T16:58:38Z,304,application/json,570,18e3e4923719e7365ba9e037ad387e1a62154461fc77b3d1e751a35bf4669ffb,"W/""23a-Z0/kxFuS/8GNcGVznWEyRzPLX2c""",,unchanged,raw/fda.drugsfda.cohort-status/2026/09/20260902T164829Z-18e3e4923719.json,not_modified,
fda.drugsfda.cohort-status,https://api.fda.gov/drug/drugsfda.json?search=products.active_ingredients.name%3A%22BENDAMUSTINE%20HYDROCHLORIDE%22&count=products.marketing_status,2026-09-02T16:58:42Z,304,application/json,643,2576adab10954d02a8235df0a0630c016ed81abe8b4178a33072a11ee069c0f2,"W/""283-4Fda973Q+hV/VRQhF+oM//Lr2cE""",,unchanged,raw/fda.drugsfda.cohort-status/2026/09/20260902T164832Z-2576adab1095.json,not_modified,
fda.drugsfda.cohort-status,https://api.fda.gov/drug/drugsfda.json?search=products.active_ingredients.name%3A%22BENZTROPINE%20MESYLATE%22&count=products.marketing_status,2026-09-02T16:58:45Z,304,application/json,571,53cb25eacf7d23b373a55b9856ff2516749db2f10a1f796f10b96b5c56a8eb37,"W/""23b-R82GzzGnavdZcCVZspJf3x/ALAE""",,unchanged,raw/fda.drugsfda.cohort-status/2026/09/20260902T164835Z-53cb25eacf7d.json,not_modified,
fda.drugsfda.cohort-status,https://api.fda.gov/drug/drugsfda.json?search=products.active_ingredients.name%3A%22BIVALIRUDIN%22&count=products.marketing_status,2026-09-02T16:58:48Z,304,application/json,642,e1d67f58a5144c3260ae6718ae801c6d59a4442a1698e4732c834b62384b7094,"W/""282-ZiRUWg7+ngoOj8i7YwPD29x720E""",,unchanged,raw/fda.drugsfda.cohort-status/2026/09/20260902T164839Z-e1d67f58a514.json,not_modified,
fda.drugsfda.cohort-status,https://api.fda.gov/drug/drugsfda.json?search=products.active_ingredients.name%3A%22BORTEZOMIB%22&count=products.marketing_status,2026-09-02T16:58:52Z,304,application/json,644,d0bf6e37f81de2eb4155d876b8a9010fe906900b6f2d082495ed949601d38111,"W/""284-vzTYoxqd4QCYJeTY98mv37WruDM""",,unchanged,raw/fda.drugsfda.cohort-status/2026/09/20260902T164842Z-d0bf6e37f81d.json,not_modified,
fda.drugsfda.cohort-status,https://api.fda.gov/drug/drugsfda.json?search=products.active_ingredients.name%3A%22BUMETANIDE%22&count=products.marketing_status,2026-09-02T16:58:55Z,304,application/json,570,1abae09e6496ac98e24762c47fef2ecc816b749d884f92d33d7f75b9c0f2c9b2,"W/""23a-iDrK5jOLtWih/NAsBRtn+5fNmCo""",,unchanged,raw/fda.drugsfda.cohort-status/2026/09/20260902T164845Z-1abae09e6496.json,not_modified,
fda.drugsfda.cohort-status,https://api.fda.gov/drug/drugsfda.json?search=products.active_ingredients.name%3A%22BUPIVACAINE%20HYDROCHLORIDE%22&count=products.marketing_status,2026-09-02T16:58:58Z,304,application/json,571,e8a38f09e4f5e49f34fd15a4d2ba6f007c5b5f61348e1b06a8b6c209a4bab5e8,"W/""23b-3dC1fYu5IjJv7csiyIxWSPg7fz4""",,unchanged,raw/fda.drugsfda.cohort-status/2026/09/20260902T164848Z-e8a38f09e4f5.json,not_modified,
fda.drugsfda.cohort-status,https://api.fda.gov/drug/drugsfda.json?search=products.active_ingredients.name%3A%22BUPRENORPHINE%20HYDROCHLORIDE%22&count=products.marketing_status,2026-09-02T16:59:01Z,304,application/json,644,4bd7f79d1381cde8253e62163c4d9b4cb2cdeaf6b9ffe28c28a49741ed1dee4a,"W/""284-efGntc5kNv+4h5VRkNgKOA2/gf0""",,unchanged,raw/fda.drugsfda.cohort-status/2026/09/20260902T164852Z-4bd7f79d1381.json,not_modified,
fda.drugsfda.cohort-status,https://api.fda.gov/drug/drugsfda.json?search=products.active_ingredients.name%3A%22BUSULFAN%22&count=products.marketing_status,2026-09-02T16:59:05Z,304,application/json,569,fd0382b3ec46fdbc35003634de376bc50566a4ac3010afe4e6c7515e5155ac3d,"W/""239-vW7z7tStrko0b7f8Y0g5m9hT4yg""",,unchanged,raw/fda.drugsfda.cohort-status/2026/09/20260902T164855Z-fd0382b3ec46.json,not_modified,
fda.drugsfda.cohort-status,https://api.fda.gov/drug/drugsfda.json?search=products.active_ingredients.name%3A%22BUTORPHANOL%20TARTRATE%22&count=products.marketing_status,2026-09-02T16:59:08Z,304,application/json,570,2e06cb7b59ecd94febd657d7aab79c7f6bdca19302348c39ce049c5d7137d7df,"W/""23a-gYvID512zM5BuuLSCWLt53JW5XA""",,unchanged,raw/fda.drugsfda.cohort-status/2026/09/20260902T164858Z-2e06cb7b59ec.json,not_modified,
fda.drugsfda.cohort-status,https://api.fda.gov/drug/drugsfda.json?search=products.active_ingredients.name%3A%22CALCITRIOL%22&count=products.marketing_status,2026-09-02T16:59:11Z,304,application/json,571,f6a8a7ddf8c5871eef67b54f5b2b295c114ceb9cb915b2a8f146f2bd3fae90dd,"W/""23b-aMa5gOwv7VDOm4XBWVxakTlVcyk""",,unchanged,raw/fda.drugsfda.cohort-status/2026/09/20260902T164902Z-f6a8a7ddf8c5.json,not_modified,
fda.drugsfda.cohort-status,https://api.fda.gov/drug/drugsfda.json?search=products.active_ingredients.name%3A%22CALCIUM%20CHLORIDE%22&count=products.marketing_status,2026-09-02T16:59:15Z,304,application/json,571,ab95f0f18b7d73e89d81c31b5ceb3913b62e8c79eb411df1ef679c462bad449b,"W/""23b-SgOFLWZi6hkYW8E0bz6Mlc4h7P8""",,unchanged,raw/fda.drugsfda.cohort-status/2026/09/20260902T164905Z-ab95f0f18b7d.json,not_modified,
fda.drugsfda.cohort-status,https://api.fda.gov/drug/drugsfda.json?search=products.active_ingredients.name%3A%22CARBAMAZEPINE%22&count=products.marketing_status,2026-09-02T16:59:18Z,304,application/json,644,cca254389178d6cae56c696ee5376580fdb3f79fb02ca328d30e60054f3eb9b0,"W/""284-3S0yxjc1Abt9TQOnXnp1+g9a0aI""",,unchanged,raw/fda.drugsfda.cohort-status/2026/09/20260902T164908Z-cca254389178.json,not_modified,
fda.drugsfda.cohort-status,https://api.fda.gov/drug/drugsfda.json?search=products.active_ingredients.name%3A%22CARBOPLATIN%22&count=products.marketing_status,2026-09-02T16:59:21Z,304,application/json,571,7c84f7db2bcce2adbca3dddc4b7cfc6eb307acde57c67bc0e9ac2d5f2057cd14,"W/""23b-0DdPVwpTdTTGmNlyZgGJO34fXwE""",,unchanged,raw/fda.drugsfda.cohort-status/2026/09/20260902T164911Z-7c84f7db2bcc.json,not_modified,
fda.drugsfda.cohort-status,https://api.fda.gov/drug/drugsfda.json?search=products.active_ingredients.name%3A%22CARBOPROST%20TROMETHAMINE%22&count=products.marketing_status,2026-09-02T16:59:25Z,304,application/json,570,f87150d6e621bef5f3b23e6b71e8ddd749ae5bee48db8c8cec9927a53e6f8fd4,"W/""23a-M/WKWtsUzc1Euhu/dYcdFh7OVbs""",,unchanged,raw/fda.drugsfda.cohort-status/2026/09/20260902T164915Z-f87150d6e621.json,not_modified,
fda.drugsfda.cohort-status,https://api.fda.gov/drug/drugsfda.json?search=products.active_ingredients.name%3A%22CASPOFUNGIN%20ACETATE%22&count=products.marketing_status,2026-09-02T16:59:28Z,304,application/json,569,6088b02434bf1992c8676e26af5523c1db9cf903d35698c049a81f3b6e09155e,"W/""239-ic+3bmogGavIteVbhX8fW3i6ZiU""",,unchanged,raw/fda.drugsfda.cohort-status/2026/09/20260902T164918Z-6088b02434bf.json,not_modified,
fda.drugsfda.cohort-status,https://api.fda.gov/drug/drugsfda.json?search=products.active_ingredients.name%3A%22CEFEPIME%20HYDROCHLORIDE%22&count=products.marketing_status,2026-09-02T16:59:31Z,304,application/json,569,1666d7f7ec2a48b25a205b6c90b09c3937d61ec0a5cb0b1f7a114059bd32f6fc,"W/""239-wr53ZUYZra442tQohJ6imTQ6gVQ""",,unchanged,raw/fda.drugsfda.cohort-status/2026/09/20260902T164921Z-1666d7f7ec2a.json,not_modified,
fda.drugsfda.cohort-status,https://api.fda.gov/drug/drugsfda.json?search=products.active_ingredients.name%3A%22CEFOTAXIME%22&count=products.marketing_status,2026-09-02T16:59:34Z,304,application/json,510,17511f79d019e7136f15a493d5b48305deb35b469e928d4401ce973a75263022,"W/""1fe-eE/52pf/fFEe6etXoHd0nA7h8UI""",,unchanged,raw/fda.drugsfda.cohort-status/2026/09/20260902T164925Z-17511f79d019.json,not_modified,
fda.drugsfda.cohort-status,https://api.fda.gov/drug/drugsfda.json?search=products.active_ingredients.name%3A%22CEFOTAXIME%20SODIUM%22&count=products.marketing_status,2026-09-02T16:59:38Z,304,application/json,510,17511f79d019e7136f15a493d5b48305deb35b469e928d4401ce973a75263022,"W/""1fe-eE/52pf/fFEe6etXoHd0nA7h8UI""",,unchanged,raw/fda.drugsfda.cohort-status/2026/09/20260902T164928Z-17511f79d019.json,not_modified,
fda.drugsfda.cohort-status,https://api.fda.gov/drug/drugsfda.json?search=products.active_ingredients.name%3A%22CEFOXITIN%22&count=products.marketing_status,2026-09-02T16:59:41Z,304,application/json,570,15ad99e868e833856116a42f96f2dedc77fc5ea5882880b00601f0ae69f07052,"W/""23a-LWLr/EWDtdkPSNGcX9j6la9JSPs""",,unchanged,raw/fda.drugsfda.cohort-status/2026/09/20260902T164932Z-15ad99e868e8.json,not_modified,
fda.drugsfda.cohort-status,https://api.fda.gov/drug/drugsfda.json?search=products.active_ingredients.name%3A%22CEFTAZIDIME%22&count=products.marketing_status,2026-09-02T16:59:44Z,304,application/json,570,95e809b9aa7fcb763587bd01b140912ef61824bcb9082f7c5739ab14f3074386,"W/""23a-QkIjGpW7kXZlIAVHWKOBgEIOCq8""",,unchanged,raw/fda.drugsfda.cohort-status/2026/09/20260902T164935Z-95e809b9aa7f.json,not_modified,
fda.drugsfda.cohort-status,https://api.fda.gov/drug/drugsfda.json?search=products.active_ingredients.name%3A%22CEFTRIAXONE%22&count=products.marketing_status,2026-09-02T16:59:48Z,304,application/json,571,9c2110ee1cfacd9d28e0e6ffefa90f2fee8d7166969ad09692a4ddb6f4a5bec2,"W/""23b-lqKHXfcobvToW456atHb8QGX92M""",,unchanged,raw/fda.drugsfda.cohort-status/2026/09/20260902T164938Z-9c2110ee1cfa.json,not_modified,
fda.drugsfda.cohort-status,https://api.fda.gov/drug/drugsfda.json?search=products.active_ingredients.name%3A%22CEFTRIAXONE%20SODIUM%22&count=products.marketing_status,2026-09-02T16:59:51Z,304,application/json,571,9c2110ee1cfacd9d28e0e6ffefa90f2fee8d7166969ad09692a4ddb6f4a5bec2,"W/""23b-lqKHXfcobvToW456atHb8QGX92M""",,unchanged,raw/fda.drugsfda.cohort-status/2026/09/20260902T164941Z-9c2110ee1cfa.json,not_modified,
fda.drugsfda.cohort-status,https://api.fda.gov/drug/drugsfda.json?search=products.active_ingredients.name%3A%22CEFUROXIME%22&count=products.marketing_status,2026-09-02T16:59:55Z,304,application/json,570,553d1a3d256e4b807ffa571e73e29facb57e43be7a2d4eb8a8a561d96b62b211,"W/""23a-PPdMXctlYAE7iFFe6ZU6pHvAur4""",,unchanged,raw/fda.drugsfda.cohort-status/2026/09/20260902T164945Z-553d1a3d256e.json,not_modified,
fda.drugsfda.cohort-status,https://api.fda.gov/drug/drugsfda.json?search=products.active_ingredients.name%3A%22CETRORELIX%20ACETATE%22&count=products.marketing_status,2026-09-02T16:59:58Z,304,application/json,569,a5e7dfd078950c7e34c93f9e99a7635d341aa617a4cde06df712298662c5687d,"W/""239-wf97IWAfK2eZX7veamjrJ5UTEf0""",,unchanged,raw/fda.drugsfda.cohort-status/2026/09/20260902T164948Z-a5e7dfd07895.json,not_modified,
fda.drugsfda.cohort-status,https://api.fda.gov/drug/drugsfda.json?search=products.active_ingredients.name%3A%22CHLOROPROCAINE%20HYDROCHLORIDE%22&count=products.marketing_status,2026-09-02T17:00:09Z,304,application/json,569,d11427c13c5026df44102e375bc3f903f02aa8fcd27805581eb465a8b682ef02,"W/""239-mcAO0VC42lgvQgdiNhrgXtTtgDI""",,unchanged,raw/fda.drugsfda.cohort-status/2026/09/20260902T164951Z-d11427c13c50.json,not_modified,
fda.drugsfda.cohort-status,https://api.fda.gov/drug/drugsfda.json?search=products.active_ingredients.name%3A%22CHLOROTHIAZIDE%22&count=products.marketing_status,2026-09-02T17:00:15Z,304,application/json,570,967b065d75e1550504b46ba44e54c573836e1338c4ac868528ed031390cbe301,"W/""23a-EOYE5mHPEkD+gWqdYypjSEuq4Q4""",,unchanged,raw/fda.drugsfda.cohort-status/2026/09/20260902T164955Z-967b065d75e1.json,not_modified,
fda.drugsfda.cohort-status,https://api.fda.gov/drug/drugsfda.json?search=products.active_ingredients.name%3A%22CIPROFLOXACIN%22&count=products.marketing_status,2026-09-02T17:00:21Z,304,application/json,644,e2aa54830e5347329d7cc2185e9aa3db960653a5cd93c0bc003d46cf470787dd,"W/""284-AAaXrQ0IXohvkbcWGo1e/uxurb4""",,unchanged,raw/fda.drugsfda.cohort-status/2026/09/20260902T164958Z-e2aa54830e53.json,not_modified,
fda.drugsfda.cohort-status,https://api.fda.gov/drug/drugsfda.json?search=products.active_ingredients.name%3A%22CISATRACURIUM%20BESYLATE%22&count=products.marketing_status,2026-09-02T17:00:25Z,304,application/json,570,2f6c6840e59a6a422840c9b0ad9bb1187aefe3b7c6a81b73f173419c0b0a2109,"W/""23a-CqtkGjtk8itccJvzvXwaICEhaPA""",,unchanged,raw/fda.drugsfda.cohort-status/2026/09/20260902T165002Z-2f6c6840e59a.json,not_modified,
fda.drugsfda.cohort-status,https://api.fda.gov/drug/drugsfda.json?search=products.active_ingredients.name%3A%22CLINDAMYCIN%20HYDROCHLORIDE%22&count=products.marketing_status,2026-09-02T17:00:28Z,304,application/json,569,eb370901059e9db94ae06164af0d8001050fb8b21fcf0b2916daac5c6d15d370,"W/""239-KyCekRvUxiunMNJzMdcH6DyIuWk""",,unchanged,raw/fda.drugsfda.cohort-status/2026/09/20260902T165006Z-eb370901059e.json,not_modified,
fda.drugsfda.cohort-status,https://api.fda.gov/drug/drugsfda.json?search=products.active_ingredients.name%3A%22CLINDAMYCIN%20PALMITATE%20HYDROCHLORIDE%22&count=products.marketing_status,2026-09-02T17:00:31Z,304,application/json,569,2c946b7f0d40010f009e56545c91e74f05a49248874f74f0f007319281ebb853,"W/""239-U7xj3riMQDJAazOXKeNs65husyU""",,unchanged,raw/fda.drugsfda.cohort-status/2026/09/20260902T165009Z-2c946b7f0d40.json,not_modified,
fda.drugsfda.cohort-status,https://api.fda.gov/drug/drugsfda.json?search=products.active_ingredients.name%3A%22CLINDAMYCIN%20PHOSPHATE%22&count=products.marketing_status,2026-09-02T17:00:35Z,304,application/json,571,4334fd82379ba5aa35cd00bf205c0664df7083c0aeb08d1a0bd517dbf9ae2a66,"W/""23b-enJjIINwrBa1C+M0EJNBcVjoV9g""",,unchanged,raw/fda.drugsfda.cohort-status/2026/09/20260902T165013Z-4334fd82379b.json,not_modified,
fda.drugsfda.cohort-status,https://api.fda.gov/drug/drugsfda.json?search=products.active_ingredients.name%3A%22CLONAZEPAM%22&count=products.marketing_status,2026-09-02T17:00:38Z,304,application/json,570,360b70857f34ca6d295fb3d0fad6befd7d9294a48213e2e44a43cd47809f5c1f,"W/""23a-N9AFPr7hDUI0SLWqm/p46Vxa+rY""",,unchanged,raw/fda.drugsfda.cohort-status/2026/09/20260902T165016Z-360b70857f34.json,not_modified,
fda.drugsfda.cohort-status,https://api.fda.gov/drug/drugsfda.json?search=products.active_ingredients.name%3A%22COBICISTAT%22&count=products.marketing_status,2026-09-02T17:00:41Z,304,application/json,642,83a8c494959a773834a63a2147be2a109a2255917c954a302cef2d7a4e339c24,"W/""282-QJsvi3rivHzHeQCpB3Y/9mvKl4o""",,unchanged,raw/fda.drugsfda.cohort-status/2026/09/20260902T165019Z-83a8c494959a.json,not_modified,
fda.drugsfda.cohort-status,https://api.fda.gov/drug/drugsfda.json?search=products.active_ingredients.name%3A%22CONIVAPTAN%20HYDROCHLORIDE%22&count=products.marketing_status,2026-09-02T17:00:45Z,304,application/json,569,d29d9e5dfccbb03566d256d20784b1a10b4fbdcced3aa0dfb7a28693055fc37a,"W/""239-Ho82cQZ+0jMU2JTeDgy2ZfkXLH8""",,unchanged,raw/fda.drugsfda.cohort-status/2026/09/20260902T165023Z-d29d9e5dfccb.json,not_modified,
fda.drugsfda.cohort-status,https://api.fda.gov/drug/drugsfda.json?search=products.active_ingredients.name%3A%22CRINECERFONT%22&count=products.marketing_status,2026-09-02T17:00:48Z,304,application/json,509,2daa74491e1412e61b5fc041656eca5a59b2aaf666804c40662d474c9de4c404,"W/""1fd-MryXCOL+CCmUxEVvdVBCiKY3Rlo""",,unchanged,raw/fda.drugsfda.cohort-status/2026/09/20260902T165026Z-2daa74491e14.json,not_modified,
fda.drugsfda.cohort-status,https://api.fda.gov/drug/drugsfda.json?search=products.active_ingredients.name%3A%22CROMOLYN%20SODIUM%22&count=products.marketing_status,2026-09-02T17:00:51Z,304,application/json,634,cc736fad0c2b97afb6ab5da5af0f4f93ade5a32239dc36e4c1981b9b3cc458c2,"W/""27a-CgFmno9q8DGVbAQTuVhOBmVhmvA""",,unchanged,raw/fda.drugsfda.cohort-status/2026/09/20260902T165029Z-cc736fad0c2b.json,not_modified,
fda.drugsfda.cohort-status,https://api.fda.gov/drug/drugsfda.json?search=products.active_ingredients.name%3A%22CYANOCOBALAMIN%22&count=products.marketing_status,2026-09-02T17:00:54Z,304,application/json,571,36d6a4703eb5144db6a511f898c193bd78520f6d4aa98fa5bca95126f9f9f03f,"W/""23b-F6DvrY7EkWvtFIADydi5HnEYMYI""",,unchanged,raw/fda.drugsfda.cohort-status/2026/09/20260902T165033Z-36d6a4703eb5.json,not_modified,
fda.drugsfda.cohort-status,https://api.fda.gov/drug/drugsfda.json?search=products.active_ingredients.name%3A%22CYCLOPHOSPHAMIDE%22&count=products.marketing_status,2026-09-02T17:00:58Z,304,application/json,643,b1cc04322f54acd85853c2a1f1ae11a711381030ca7dacf44fcfd841f79ee27f,"W/""283-Ceqgv/ud7su5UwFTra/0MTRDHv4""",,unchanged,raw/fda.drugsfda.cohort-status/2026/09/20260902T165036Z-b1cc04322f54.json,not_modified,
fda.drugsfda.cohort-status,https://api.fda.gov/drug/drugsfda.json?search=products.active_ingredients.name%3A%22DACOMITINIB%22&count=products.marketing_status,2026-09-02T17:01:01Z,304,application/json,509,a1bec4e0ed2f963c7e2cd7a98414f1d03791f9e738586444355aff76101a18ad,"W/""1fd-b1W9hhPtm2mnwgvfpR8T9wgd/E0""",,unchanged,raw/fda.drugsfda.cohort-status/2026/09/20260902T165039Z-a1bec4e0ed2f.json,not_modified,
fda.drugsfda.cohort-status,https://api.fda.gov/drug/drugsfda.json?search=products.active_ingredients.name%3A%22DAPSONE%22&count=products.marketing_status,2026-09-02T17:01:05Z,304,application/json,570,2940960545c8db933d51b6a101e2273553f2c7e38d3b2a5f051d3b5e7ef4970a,"W/""23a-M11k27iUD7TvtPZ+3CaFuPwOFN8""",,unchanged,raw/fda.drugsfda.cohort-status/2026/09/20260902T165043Z-2940960545c8.json,not_modified,
fda.drugsfda.cohort-status,https://api.fda.gov/drug/drugsfda.json?search=products.active_ingredients.name%3A%22DAPTOMYCIN%22&count=products.marketing_status,2026-09-02T17:01:08Z,304,application/json,643,1675167f1cda0daf9b4456455aff8a66fac7eb6f1a2bd65c6ba48d80f2032993,"W/""283-9fBY6pMDOlIteYkg+/4AdNxGttQ""",,unchanged,raw/fda.drugsfda.cohort-status/2026/09/20260902T165046Z-1675167f1cda.json,not_modified,
fda.drugsfda.cohort-status,https://api.fda.gov/drug/drugsfda.json?search=products.active_ingredients.name%3A%22DAUNORUBICIN%20HYDROCHLORIDE%22&count=products.marketing_status,2026-09-02T17:01:11Z,304,application/json,569,aa8d5d752a0478cd641bc61548e8275807e937a878a9f747fa94af3a80122aaa,"W/""239-WplorrB8GzXZdiKqYL9ViwEQ0CM""",,unchanged,raw/fda.drugsfda.cohort-status/2026/09/20260902T165049Z-aa8d5d752a04.json,not_modified,
fda.drugsfda.cohort-status,https://api.fda.gov/drug/drugsfda.json?search=products.active_ingredients.name%3A%22DECITABINE%22&count=products.marketing_status,2026-09-02T17:01:15Z,304,application/json,570,b8823d379ec26824f3e0a91d57d806601e4367a54aea3931808af3abb3d0d845,"W/""23a-y9AceUQtQj6+O+8aOVXj+4tnVqQ""",,unchanged,raw/fda.drugsfda.cohort-status/2026/09/20260902T165053Z-b8823d379ec2.json,not_modified,
fda.drugsfda.cohort-status,https://api.fda.gov/drug/drugsfda.json?search=products.active_ingredients.name%3A%22DEFERIPRONE%22&count=products.marketing_status,2026-09-02T17:01:18Z,304,application/json,569,a5e7dfd078950c7e34c93f9e99a7635d341aa617a4cde06df712298662c5687d,"W/""239-wf97IWAfK2eZX7veamjrJ5UTEf0""",,unchanged,raw/fda.drugsfda.cohort-status/2026/09/20260902T165056Z-a5e7dfd07895.json,not_modified,
fda.drugsfda.cohort-status,https://api.fda.gov/drug/drugsfda.json?search=products.active_ingredients.name%3A%22DEHYDRATED%20ALCOHOL%22&count=products.marketing_status,2026-09-02T17:01:22Z,304,application/json,569,f4488a9ee9233e6090f7eba12352e0bacdf87ec69f0be62168ec5f2e64994c2e,"W/""239-ck2v1xHM7O/paXhDy+rP1LS2l+k""",,unchanged,raw/fda.drugsfda.cohort-status/2026/09/20260902T165059Z-f4488a9ee923.json,not_modified,
fda.drugsfda.cohort-status,https://api.fda.gov/drug/drugsfda.json?search=products.active_ingredients.name%3A%22DESMOPRESSIN%20ACETATE%22&count=products.marketing_status,2026-09-02T17:01:25Z,304,application/json,571,e7c8c72f2a73b4794218a4bb4245fb85d4c335a3d4d04ab8a7aab2be26c19f40,"W/""23b-CHsaAgaiM6m67E7GpndrX49BGpE""",,unchanged,raw/fda.drugsfda.cohort-status/2026/09/20260902T165103Z-e7c8c72f2a73.json,not_modified,
fda.drugsfda.cohort-status,https://api.fda.gov/drug/drugsfda.json?search=products.active_ingredients.name%3A%22DESONIDE%22&count=products.marketing_status,2026-09-02T17:01:28Z,304,application/json,571,7c43b6f9458535aba931647694d35e66571b11fcf29697c24d4cb8ebb46ab174,"W/""23b-Ylji7eLxz2NBMLENq6YufKorZxA""",,unchanged,raw/fda.drugsfda.cohort-status/2026/09/20260902T165106Z-7c43b6f94585.json,not_modified,
fda.drugsfda.cohort-status,https://api.fda.gov/drug/drugsfda.json?search=products.active_ingredients.name%3A%22DEXAMETHASONE%20SODIUM%20PHOSPHATE%22&count=products.marketing_status,2026-09-02T17:01:32Z,304,application/json,571,c4777979b8c74901f6a3b118568ea1718cd739be8c6e70dda325752b361a9856,"W/""23b-pNu7KO118YicZsnCmnz7IRHzEXY""",,unchanged,raw/fda.drugsfda.cohort-status/2026/09/20260902T165110Z-c4777979b8c7.json,not_modified,
fda.drugsfda.cohort-status,https://api.fda.gov/drug/drugsfda.json?search=products.active_ingredients.name%3A%22DEXMEDETOMIDINE%20HYDROCHLORIDE%22&count=products.marketing_status,2026-09-02T17:01:35Z,304,application/json,643,7a32a1befb5646984fa12ea6baf40d6c631e02630edb9c884175653d741fcd99,"W/""283-CZPCSecqO4AHVG0fRk3q2jGn8l0""",,unchanged,raw/fda.drugsfda.cohort-status/2026/09/20260902T165113Z-7a32a1befb56.json,not_modified,
fda.drugsfda.cohort-status,https://api.fda.gov/drug/drugsfda.json?search=products.active_ingredients.name%3A%22DEXRAZOXANE%22&count=products.marketing_status,2026-09-02T17:01:38Z,304,application/json,569,0c57a26f4beb8cc8ae15c45f77e19b3d8059cedd4f2b14007da0f388c08bdef9,"W/""239-st0hu+Z/CqA2U2lsUNcBA8chTvs""",,unchanged,raw/fda.drugsfda.cohort-status/2026/09/20260902T165116Z-0c57a26f4beb.json,not_modified,
fda.drugsfda.cohort-status,https://api.fda.gov/drug/drugsfda.json?search=products.active_ingredients.name%3A%22DIAZEPAM%22&count=products.marketing_status,2026-09-02T17:01:42Z,304,application/json,644,1b22f415c6e2fa2eaac748605c6c8b2dcd21db2f90ee0747dff6c215d26c6095,"W/""284-6sjWnZwxLiRWsW0oe2MGnYkNfsI""",,unchanged,raw/fda.drugsfda.cohort-status/2026/09/20260902T165120Z-1b22f415c6e2.json,not_modified,
fda.drugsfda.cohort-status,https://api.fda.gov/drug/drugsfda.json?search=products.active_ingredients.name%3A%22DICLOFENAC%20SODIUM%22&count=products.marketing_status,2026-09-02T17:01:45Z,304,application/json,708,417d8000ac1f53156d76eb8ebf4641b66edd894aedd6cecdc4b9dd2c6e572852,"W/""2c4-AzWl05VooljzSf42jeeZa6z3u0M""",,unchanged,raw/fda.drugsfda.cohort-status/2026/09/20260902T165123Z-417d8000ac1f.json,not_modified,
fda.drugsfda.cohort-status,https://api.fda.gov/drug/drugsfda.json?search=products.active_ingredients.name%3A%22DILTIAZEM%20HYDROCHLORIDE%22&count=products.marketing_status,2026-09-02T17:01:48Z,304,application/json,571,212eab7d902d5cdcd470a2b2b433b997706aa2099cfbe42f5f7e35ec1f6486c6,"W/""23b-SyEv2egGZmh3L5QK+gyaL+rRrsQ""",,unchanged,raw/fda.drugsfda.cohort-status/2026/09/20260902T165126Z-212eab7d902d.json,not_modified,
fda.drugsfda.cohort-status,https://api.fda.gov/drug/drugsfda.json?search=products.active_ingredients.name%3A%22DIPHENHYDRAMINE%20HYDROCHLORIDE%22&count=products.marketing_status,2026-09-02T17:01:51Z,304,application/json,635,24227877bfe8c0e343c0c3a72f7156c21fd72448d6e2780da9be57967df05870,"W/""27b-IxrTGVGkShbglTvyqMYgXi6Tzso""",,unchanged,raw/fda.drugsfda.cohort-status/2026/09/20260902T165130Z-24227877bfe8.json,not_modified,
fda.drugsfda.cohort-status,https://api.fda.gov/drug/drugsfda.json?search=products.active_ingredients.name%3A%22DISOPYRAMIDE%20PHOSPHATE%22&count=products.marketing_status,2026-09-02T17:01:55Z,304,application/json,570,0e391100fb57ccdfd6506dc1d93470f559314ce0327ae2d3629f59ce271c50c9,"W/""23a-YxWoclU4fvmQgaRddP+bucvB1Fo""",,unchanged,raw/fda.drugsfda.cohort-status/2026/09/20260902T165133Z-0e391100fb57.json,not_modified,
fda.drugsfda.cohort-status,https://api.fda.gov/drug/drugsfda.json?search=products.active_ingredients.name%3A%22DOBUTAMINE%20HYDROCHLORIDE%22&count=products.marketing_status,2026-09-02T17:01:58Z,304,application/json,570,fb84dd8f4b56e1c1d8bddfaf07243c529b1b73f546c2dd872bc956c783c5b30d,"W/""23a-OJ65DMtxAK5AiGLk27BLOVS5wWw""",,unchanged,raw/fda.drugsfda.cohort-status/2026/09/20260902T165136Z-fb84dd8f4b56.json,not_modified,
fda.drugsfda.cohort-status,https://api.fda.gov/drug/drugsfda.json?search=products.active_ingredients.name%3A%22DOCETAXEL%22&count=products.marketing_status,2026-09-02T17:02:01Z,304,application/json,571,06d030f86944c22414c994aaa8e90c7c05b3b194c1d840d08393950744545a07,"W/""23b-JGKmTacimHukfNBMtXrVUbSxCxY""",,unchanged,raw/fda.drugsfda.cohort-status/2026/09/20260902T165140Z-06d030f86944.json,not_modified,
fda.drugsfda.cohort-status,https://api.fda.gov/drug/drugsfda.json?search=products.active_ingredients.name%3A%22DOPAMINE%20HYDROCHLORIDE%22&count=products.marketing_status,2026-09-02T17:02:05Z,304,application/json,570,892a5bc8ee8c49339fe82125a2081f4e556a48fc7417982582ba87a5b971473d,"W/""23a-Hfl/uDF2zWwkOk9/dPAlFKOIxc0""",,unchanged,raw/fda.drugsfda.cohort-status/2026/09/20260902T165143Z-892a5bc8ee8c.json,not_modified,
fda.drugsfda.cohort-status,https://api.fda.gov/drug/drugsfda.json?search=products.active_ingredients.name%3A%22DOXERCALCIFEROL%22&count=products.marketing_status,2026-09-02T17:02:08Z,304,application/json,643,2a4bc92829612065629d064a800b6b869fe346acb3b5bfcde8bcf388a381f9c9,"W/""283-G78fg8l96YnDC3xF1nUWQV5E7NE""",,unchanged,raw/fda.drugsfda.cohort-status/2026/09/20260902T165146Z-2a4bc9282961.json,not_modified,
fda.drugsfda.cohort-status,https://api.fda.gov/drug/drugsfda.json?search=products.active_ingredients.name%3A%22DOXYCYCLINE%22&count=products.marketing_status,2026-09-02T17:02:11Z,304,application/json,644,77d051775e904d6aac29de087b27b1ba152da906a7724acd3ac4d7158d188c06,"W/""284-ZG5Rv4mrd5amSWP5lB0U7malGb4""",,unchanged,raw/fda.drugsfda.cohort-status/2026/09/20260902T165150Z-77d051775e90.json,not_modified,
fda.drugsfda.cohort-status,https://api.fda.gov/drug/drugsfda.json?search=products.active_ingredients.name%3A%22DOXYCYCLINE%20HYCLATE%22&count=products.marketing_status,2026-09-02T17:02:14Z,304,application/json,571,3424a57aaa3ec7e9201568e8366f26ce69bccfd41ca1628830b8afa4f963810c,"W/""23b-cto/ECxNgNlqff28r+SwW1gRENI""",,unchanged,raw/fda.drugsfda.cohort-status/2026/09/20260902T165153Z-3424a57aaa3e.json,not_modified,
fda.drugsfda.cohort-status,https://api.fda.gov/drug/drugsfda.json?search=products.active_ingredients.name%3A%22ECHOTHIOPHATE%20IODIDE%22&count=products.marketing_status,2026-09-02T17:02:18Z,304,application/json,569,1794b8383ac0e6f172cd2e96bcda6a6bdb9a0175e7e10106990d2822805cbad3,"W/""239-y71nTlqvnJGjIRH6pRRY4MCcdJ4""",,unchanged,raw/fda.drugsfda.cohort-status/2026/09/20260902T165157Z-1794b8383ac0.json,not_modified,
fda.drugsfda.cohort-status,https://api.fda.gov/drug/drugsfda.json?search=products.active_ingredients.name%3A%22EMTRICITABINE%22&count=products.marketing_status,2026-09-02T17:02:21Z,304,application/json,644,b265481efcaaab1b3686dedf18c652b9436a5edd21dee8ebfc26b388ea25a1f9,"W/""284-Suqb3Mahlsw1pv1w+hNesFLrJoQ""",,unchanged,raw/fda.drugsfda.cohort-status/2026/09/20260902T165200Z-b265481efcaa.json,not_modified,
fda.drugsfda.cohort-status,https://api.fda.gov/drug/drugsfda.json?search=products.active_ingredients.name%3A%22ENOXAPARIN%20SODIUM%22&count=products.marketing_status,2026-09-02T17:02:24Z,304,application/json,570,f87150d6e621bef5f3b23e6b71e8ddd749ae5bee48db8c8cec9927a53e6f8fd4,"W/""23a-M/WKWtsUzc1Euhu/dYcdFh7OVbs""",,unchanged,raw/fda.drugsfda.cohort-status/2026/09/20260902T165203Z-f87150d6e621.json,not_modified,
fda.drugsfda.cohort-status,https://api.fda.gov/drug/drugsfda.json?search=products.active_ingredients.name%3A%22EPINEPHRINE%22&count=products.marketing_status,2026-09-02T17:02:28Z,304,application/json,708,5fe6b0c9d2fb0b75792c6409d452362c67d0222daf8dea7a0867309aeaf4d972,"W/""2c4-u3KuARHyScP8g5zcHOQjHiBOu7c""",,unchanged,raw/fda.drugsfda.cohort-status/2026/09/20260902T165206Z-5fe6b0c9d2fb.json,not_modified,
fda.drugsfda.cohort-status,https://api.fda.gov/drug/drugsfda.json?search=products.active_ingredients.name%3A%22EPTIFIBATIDE%22&count=products.marketing_status,2026-09-02T17:02:31Z,304,application/json,569,07a14840d9b29db9fb5dfbc7da5fa6a18b5ad845f4e00b98ee17f98cf5d007c4,"W/""239-C5TjCgd1VsV1AK5Z5vXGzk8Vink""",,unchanged,raw/fda.drugsfda.cohort-status/2026/09/20260902T165210Z-07a14840d9b2.json,not_modified,
fda.drugsfda.cohort-status,https://api.fda.gov/drug/drugsfda.json?search=products.active_ingredients.name%3A%22ERTAPENEM%20SODIUM%22&count=products.marketing_status,2026-09-02T17:02:34Z,304,application/json,569,f4488a9ee9233e6090f7eba12352e0bacdf87ec69f0be62168ec5f2e64994c2e,"W/""239-ck2v1xHM7O/paXhDy+rP1LS2l+k""",,unchanged,raw/fda.drugsfda.cohort-status/2026/09/20260902T165213Z-f4488a9ee923.json,not_modified,
fda.drugsfda.cohort-status,https://api.fda.gov/drug/drugsfda.json?search=products.active_ingredients.name%3A%22ESMOLOL%20HYDROCHLORIDE%22&count=products.marketing_status,2026-09-02T17:02:38Z,304,application/json,570,3ffff899b78e336ef710c36b14850b95356af1390c325a1a25cc938690a95a12,"W/""23a-FITVV8XkjiybrkJHyqp3+4tIKn0""",,unchanged,raw/fda.drugsfda.cohort-status/2026/09/20260902T165216Z-3ffff899b78e.json,not_modified,
fda.drugsfda.cohort-status,https://api.fda.gov/drug/drugsfda.json?search=products.active_ingredients.name%3A%22ETOMIDATE%22&count=products.marketing_status,2026-09-02T17:02:41Z,304,application/json,569,7fd1dcc0d85444a78a60fb13451cfaf4fc26a8301923f9262415d6584d285da4,"W/""239-Tr5c51KTwmiMFrAc8cGpaHvRK7w""",,unchanged,raw/fda.drugsfda.cohort-status/2026/09/20260902T165220Z-7fd1dcc0d854.json,not_modified,
fda.drugsfda.cohort-status,https://api.fda.gov/drug/drugsfda.json?search=products.active_ingredients.name%3A%22ETRAVIRINE%22&count=products.marketing_status,2026-09-02T17:02:45Z,304,application/json,569,fe5d5fd46ef730860ecb9b3bc88f98dc6fc7a8d5be0775f3bacb6b54f534d7b7,"W/""239-6hNFRN54R8Di4g6rxzGvVEC7iiY""",,unchanged,raw/fda.drugsfda.cohort-status/2026/09/20260902T165223Z-fe5d5fd46ef7.json,not_modified,
fda.drugsfda.cohort-status,https://api.fda.gov/drug/drugsfda.json?search=products.active_ingredients.name%3A%22EVEROLIMUS%22&count=products.marketing_status,2026-09-02T17:02:48Z,304,application/json,570,cc089f090d2c96a4d0cbcd0b5573080b2e80b612ee319ac9336b16b3902a0263,"W/""23a-8jVhJskrmg8zXcLnx3tLzmGs2Q4""",,unchanged,raw/fda.drugsfda.cohort-status/2026/09/20260902T165227Z-cc089f090d2c.json,not_modified,
fda.drugsfda.cohort-status,https://api.fda.gov/drug/drugsfda.json?search=products.active_ingredients.name%3A%22FAMOTIDINE%22&count=products.marketing_status,2026-09-02T17:02:51Z,304,application/json,709,31242a2acdc657997552d7255025389e0ae4b23a39c472ab208c81a147995231,"W/""2c5-R9lvjEslssCtiD6QMCmsXN8MYCk""",,unchanged,raw/fda.drugsfda.cohort-status/2026/09/20260902T165230Z-31242a2acdc6.json,not_modified,
fda.drugsfda.cohort-status,https://api.fda.gov/drug/drugsfda.json?search=products.active_ingredients.name%3A%22FENTANYL%20CITRATE%22&count=products.marketing_status,2026-09-02T17:02:55Z,304,application/json,570,c6aaebc2b01e89bf6be31816533831a775e0522648e47b66550cab9f6ddb6135,"W/""23a-ni29IUnCYDxfvnpNwDMNZZO+gu8""",,unchanged,raw/fda.drugsfda.cohort-status/2026/09/20260902T165234Z-c6aaebc2b01e.json,not_modified,
fda.drugsfda.cohort-status,https://api.fda.gov/drug/drugsfda.json?search=products.active_ingredients.name%3A%22FLUCONAZOLE%22&count=products.marketing_status,2026-09-02T17:02:58Z,304,application/json,571,f131274c8adf12c6294eb91644cccc8aaa95b49cfc2dc1fc043a591fd939b24d,"W/""23b-vjGv+RNBa3hN4BKCHT6DbY7zjk0""",,unchanged,raw/fda.drugsfda.cohort-status/2026/09/20260902T165237Z-f131274c8adf.json,not_modified,
fda.drugsfda.cohort-status,https://api.fda.gov/drug/drugsfda.json?search=products.active_ingredients.name%3A%22FLUDEOXYGLUCOSE%20F%2018%22&count=products.marketing_status,2026-09-02T17:03:01Z,304,application/json,571,d74cc8af1798b59d7e720a1d7735720ea6463e9314a00f16da7149162b21133b,"W/""23b-3CWcxSPaUmqz1Pk7vl4Hm6N6MDQ""",,unchanged,raw/fda.drugsfda.cohort-status/2026/09/20260902T165241Z-d74cc8af1798.json,not_modified,
fda.drugsfda.cohort-status,https://api.fda.gov/drug/drugsfda.json?search=products.active_ingredients.name%3A%22FLUDEOXYGLUCOSE%20F-18%22&count=products.marketing_status,2026-09-02T17:03:05Z,304,application/json,571,d74cc8af1798b59d7e720a1d7735720ea6463e9314a00f16da7149162b21133b,"W/""23b-3CWcxSPaUmqz1Pk7vl4Hm6N6MDQ""",,unchanged,raw/fda.drugsfda.cohort-status/2026/09/20260902T165244Z-d74cc8af1798.json,not_modified,
fda.drugsfda.cohort-status,https://api.fda.gov/drug/drugsfda.json?search=products.active_ingredients.name%3A%22FLUMAZENIL%22&count=products.marketing_status,2026-09-02T17:03:08Z,304,application/json,569,20a23bb29ae95069cb512b6a3273a2af2c674188f087d25974d2d39822fbcdf0,"W/""239-k2uFq+w2OH30YSubBexD2PE1lwk""",,unchanged,raw/fda.drugsfda.cohort-status/2026/09/20260902T165247Z-20a23bb29ae9.json,not_modified,
fda.drugsfda.cohort-status,https://api.fda.gov/drug/drugsfda.json?search=products.active_ingredients.name%3A%22FLUORESCEIN%22&count=products.marketing_status,2026-09-02T17:03:11Z,304,application/json,569,dccc50f64410ca7b5ebb0d80389abc34e07dc1c742f20d6be536bdfffa5e8f9f,"W/""239-5Te9oPblo9ziWXPTV8e93lbEERE""",,unchanged,raw/fda.drugsfda.cohort-status/2026/09/20260902T165251Z-dccc50f64410.json,not_modified,
fda.drugsfda.cohort-status,https://api.fda.gov/drug/drugsfda.json?search=products.active_ingredients.name%3A%22FLUPHENAZINE%20HYDROCHLORIDE%22&count=products.marketing_status,2026-09-02T17:03:15Z,304,application/json,571,9edd7a64f1bbaee4130b0f0b590621db5bdf3f73c319ec2d35d5d262d623b985,"W/""23b-NnXHyfZqHgpDr2Ry5c8S62hRXak""",,unchanged,raw/fda.drugsfda.cohort-status/2026/09/20260902T165254Z-9edd7a64f1bb.json,not_modified,
fda.drugsfda.cohort-status,https://api.fda.gov/drug/drugsfda.json?search=products.active_ingredients.name%3A%22FLURAZEPAM%20HYDROCHLORIDE%22&count=products.marketing_status,2026-09-02T17:03:18Z,304,application/json,570,4a429a75c3ca881d3a6e0656a5777b8fa37c71e9b092527dc65fb2c41d47dd7b,"W/""23a-1RfbDo0vLC9m0d6urx5YIl3IEl8""",,unchanged,raw/fda.drugsfda.cohort-status/2026/09/20260902T165257Z-4a429a75c3ca.json,not_modified,
fda.drugsfda.cohort-status,https://api.fda.gov/drug/drugsfda.json?search=products.active_ingredients.name%3A%22FLUVASTATIN%20SODIUM%22&count=products.marketing_status,2026-09-02T17:03:22Z,304,application/json,642,29bb13dfd2e58befd76751af1f835522297e5b043a1c2366369ab9fb876c499a,"W/""282-cMVyE9YVgYVYbs/YDo7XaQhHq4g""",,unchanged,raw/fda.drugsfda.cohort-status/2026/09/20260902T165301Z-29bb13dfd2e5.json,not_modified,
fda.drugsfda.cohort-status,https://api.fda.gov/drug/drugsfda.json?search=products.active_ingredients.name%3A%22FONDAPARINUX%20SODIUM%22&count=products.marketing_status,2026-09-02T17:03:25Z,304,application/json,569,d3d1604bc35c649130afa1baf29d740ba3b229aeabbe3e507cdd6eac625ef215,"W/""239-i9kq4UMI48AdUw1lHaG+4cADMXQ""",,unchanged,raw/fda.drugsfda.cohort-status/2026/09/20260902T165304Z-d3d1604bc35c.json,not_modified,
fda.drugsfda.cohort-status,https://api.fda.gov/drug/drugsfda.json?search=products.active_ingredients.name%3A%22FOSAPREPITANT%20DIMEGLUMINE%22&count=products.marketing_status,2026-09-02T17:03:28Z,304,application/json,644,016ee0000acdbfe962ecd156ab38ac9f661796e3d3b6aa837af6800d1c545679,"W/""284-KqZwSa/JgzbSq9OBjl6m+vGA3A8""",,unchanged,raw/fda.drugsfda.cohort-status/2026/09/20260902T165308Z-016ee0000acd.json,not_modified,
fda.drugsfda.cohort-status,https://api.fda.gov/drug/drugsfda.json?search=products.active_ingredients.name%3A%22FOSCARNET%20SODIUM%22&count=products.marketing_status,2026-09-02T17:03:31Z,304,application/json,569,03ba347395fabbcd1ab7a0a812ebac532924e13e03dd82533d2f94a916cbd5a4,"W/""239-XVEHoj+vlh1PthSmHil0yM8IZYM""",,unchanged,raw/fda.drugsfda.cohort-status/2026/09/20260902T165311Z-03ba347395fa.json,not_modified,
fda.drugsfda.cohort-status,https://api.fda.gov/drug/drugsfda.json?search=products.active_ingredients.name%3A%22FROVATRIPTAN%20SUCCINATE%22&count=products.marketing_status,2026-09-02T17:03:35Z,304,application/json,569,0c57a26f4beb8cc8ae15c45f77e19b3d8059cedd4f2b14007da0f388c08bdef9,"W/""239-st0hu+Z/CqA2U2lsUNcBA8chTvs""",,unchanged,raw/fda.drugsfda.cohort-status/2026/09/20260902T165314Z-0c57a26f4beb.json,not_modified,
fda.drugsfda.cohort-status,https://api.fda.gov/drug/drugsfda.json?search=products.active_ingredients.name%3A%22FULVESTRANT%22&count=products.marketing_status,2026-09-02T17:03:38Z,304,application/json,570,d11ca1b77199190e5c5381b0995b10e4b713f57b23e77c3cdbb6c72e1a8e77f0,"W/""23a-BNPNLUfhJ5WrjQe/yiJJvia3fI4""",,unchanged,raw/fda.drugsfda.cohort-status/2026/09/20260902T165318Z-d11ca1b77199.json,not_modified,
fda.drugsfda.cohort-status,https://api.fda.gov/drug/drugsfda.json?search=products.active_ingredients.name%3A%22FUROSEMIDE%22&count=products.marketing_status,2026-09-02T17:03:41Z,304,application/json,571,9ac3f084dd8a6f9461d8aa85bb3ee84886916550c9c09d6bb596dfa754a4846a,"W/""23b-3sV7pviap4BCuZJhUk+zyb7p34w""",,unchanged,raw/fda.drugsfda.cohort-status/2026/09/20260902T165321Z-9ac3f084dd8a.json,not_modified,
fda.drugsfda.cohort-status,https://api.fda.gov/drug/drugsfda.json?search=products.active_ingredients.name%3A%22GADOBUTROL%22&count=products.marketing_status,2026-09-02T17:03:45Z,304,application/json,569,202fb39030edbbe32dca4d8bca7f8085c25c781a0da94da5ee1a47fa8ab0d1d4,"W/""239-wE+ASsq0HyNWp8FDF7VZpkkors8""",,unchanged,raw/fda.drugsfda.cohort-status/2026/09/20260902T165324Z-202fb39030ed.json,not_modified,
fda.drugsfda.cohort-status,https://api.fda.gov/drug/drugsfda.json?search=products.active_ingredients.name%3A%22GADOTERATE%20MEGLUMINE%22&count=products.marketing_status,2026-09-02T17:03:48Z,304,application/json,569,fe5d5fd46ef730860ecb9b3bc88f98dc6fc7a8d5be0775f3bacb6b54f534d7b7,"W/""239-6hNFRN54R8Di4g6rxzGvVEC7iiY""",,unchanged,raw/fda.drugsfda.cohort-status/2026/09/20260902T165328Z-fe5d5fd46ef7.json,not_modified,
fda.drugsfda.cohort-status,https://api.fda.gov/drug/drugsfda.json?search=products.active_ingredients.name%3A%22GEMCITABINE%22&count=products.marketing_status,2026-09-02T17:03:51Z,304,application/json,644,20f640252f8523aed45b8d8e3c9267322410cb8dd0e71bb8d7829f93509059e6,"W/""284-E8YStVnY6lxysPdAC2PtdV7PNGs""",,unchanged,raw/fda.drugsfda.cohort-status/2026/09/20260902T165331Z-20f640252f85.json,not_modified,
fda.drugsfda.cohort-status,https://api.fda.gov/drug/drugsfda.json?search=products.active_ingredients.name%3A%22GEMCITABINE%20HYDROCHLORIDE%22&count=products.marketing_status,2026-09-02T17:03:55Z,304,application/json,644,dfc2e2bd0830925128293825c56d079fb681a1612f04bfa936a594aa476b1fff,"W/""284-+long2qA6H4j7IjohFrmHn00HkI""",,unchanged,raw/fda.drugsfda.cohort-status/2026/09/20260902T165334Z-dfc2e2bd0830.json,not_modified,
fda.drugsfda.cohort-status,https://api.fda.gov/drug/drugsfda.json?search=products.active_ingredients.name%3A%22GEMFIBROZIL%22&count=products.marketing_status,2026-09-02T17:03:58Z,304,application/json,570,bcd7b9f8f6e1a0223980fa863811ae3e13ce8533602edb48b8d242d548dec65a,"W/""23a-ZECP0pwuM3KIwYfj0DoO5v9+AB0""",,unchanged,raw/fda.drugsfda.cohort-status/2026/09/20260902T165338Z-bcd7b9f8f6e1.json,not_modified,
fda.drugsfda.cohort-status,https://api.fda.gov/drug/drugsfda.json?search=products.active_ingredients.name%3A%22GENTAMICIN%22&count=products.marketing_status,2026-09-02T17:04:01Z,304,application/json,571,e2bed8c4568d7dd92cb556c38807a682f8402950becaba828ce8379917a3f511,"W/""23b-njY2pN3lG7ue7GOLJv1NpmppwJQ""",,unchanged,raw/fda.drugsfda.cohort-status/2026/09/20260902T165341Z-e2bed8c4568d.json,not_modified,
fda.drugsfda.cohort-status,https://api.fda.gov/drug/drugsfda.json?search=products.active_ingredients.name%3A%22GENTAMICIN%20SULFATE%22&count=products.marketing_status,2026-09-02T17:04:04Z,304,application/json,571,e2bed8c4568d7dd92cb556c38807a682f8402950becaba828ce8379917a3f511,"W/""23b-njY2pN3lG7ue7GOLJv1NpmppwJQ""",,unchanged,raw/fda.drugsfda.cohort-status/2026/09/20260902T165344Z-e2bed8c4568d.json,not_modified,
fda.drugsfda.cohort-status,https://api.fda.gov/drug/drugsfda.json?search=products.active_ingredients.name%3A%22GLYBURIDE%22&count=products.marketing_status,2026-09-02T17:04:08Z,304,application/json,571,682bb8d9502912c37c48feba27658bd69f9dac90534aea421a19a0f29d00c56a,"W/""23b-AE21mVg4j9iGQUPNPrCgUfwSXBw""",,unchanged,raw/fda.drugsfda.cohort-status/2026/09/20260902T165348Z-682bb8d95029.json,not_modified,
fda.drugsfda.cohort-status,https://api.fda.gov/drug/drugsfda.json?search=products.active_ingredients.name%3A%22GLYCOPYRROLATE%22&count=products.marketing_status,2026-09-02T17:04:11Z,304,application/json,571,b22d45cefb6c15d783a9b4b1775f586582ea93ab106ece47830fb9676fc71fe7,"W/""23b-vpKkbbr6KWZzrdmzPuhguuE/kWg""",,unchanged,raw/fda.drugsfda.cohort-status/2026/09/20260902T165351Z-b22d45cefb6c.json,not_modified,
fda.drugsfda.cohort-status,https://api.fda.gov/drug/drugsfda.json?search=products.active_ingredients.name%3A%22GUANFACINE%20HYDROCHLORIDE%22&count=products.marketing_status,2026-09-02T17:04:14Z,304,application/json,570,cefa776ef8f6281088617f1cd31ad67bebb68275cf0d539080b9d25a1291ccc3,"W/""23a-w5wooE0EulqWkG6kgdlFXTwrkwY""",,unchanged,raw/fda.drugsfda.cohort-status/2026/09/20260902T165354Z-cefa776ef8f6.json,not_modified,
fda.drugsfda.cohort-status,https://api.fda.gov/drug/drugsfda.json?search=products.active_ingredients.name%3A%22HALOPERIDOL%20DECANOATE%22&count=products.marketing_status,2026-09-02T17:04:18Z,304,application/json,569,3a119b371f681046fadeadf6a7fab2ef17160b8d51df18b7e799f63c1d5751f3,"W/""239-dlNc4dvTkjx75lLgPKvswq3QLWg""",,unchanged,raw/fda.drugsfda.cohort-status/2026/09/20260902T165357Z-3a119b371f68.json,not_modified,
fda.drugsfda.cohort-status,https://api.fda.gov/drug/drugsfda.json?search=products.active_ingredients.name%3A%22HEPARIN%20SODIUM%22&count=products.marketing_status,2026-09-02T17:04:21Z,304,application/json,571,49e36d7bef9ff160fb4b95e88c27a6b15657fac0101fdf7471c7d05f9396faf7,"W/""23b-81hYJi7lgJ1CMs8+yGKUhLDuFTw""",,unchanged,raw/fda.drugsfda.cohort-status/2026/09/20260902T165401Z-49e36d7bef9f.json,not_modified,
fda.drugsfda.cohort-status,https://api.fda.gov/drug/drugsfda.json?search=products.active_ingredients.name%3A%22HYDROCHLOROTHIAZIDE%22&count=products.marketing_status,2026-09-02T17:04:24Z,304,application/json,647,9a5e53fae933f401dffb3b089e7c9de51fecf94ec928a5e149a51b1a2e6a1fef,"W/""287-MWla0IRPuM6Amu0qOhfC2po5pQw""",,unchanged,raw/fda.drugsfda.cohort-status/2026/09/20260902T165404Z-9a5e53fae933.json,not_modified,
fda.drugsfda.cohort-status,https://api.fda.gov/drug/drugsfda.json?search=products.active_ingredients.name%3A%22HYDROCORTISONE%20SODIUM%20SUCCINATE%22&count=products.marketing_status,2026-09-02T17:04:27Z,304,application/json,570,e09a3501b53652c58c71280799a8b2b168a69c27264b7bd4301de6643b1210ab,"W/""23a-BP1X2IsGBKzt7Hj0MNKchgU30AU""",,unchanged,raw/fda.drugsfda.cohort-status/2026/09/20260902T165407Z-e09a3501b536.json,not_modified,
fda.drugsfda.cohort-status,https://api.fda.gov/drug/drugsfda.json?search=products.active_ingredients.name%3A%22HYDROMORPHONE%20HYDROCHLORIDE%22&count=products.marketing_status,2026-09-02T17:04:31Z,304,application/json,571,361c6640fabe7a23707b32e1235a3fd20fd8640b10c7ea52c829414c21c1683b,"W/""23b-pEEwLMk/8cnk+7wUpDEM329yyNU""",,unchanged,raw/fda.drugsfda.cohort-status/2026/09/20260902T165411Z-361c6640fabe.json,not_modified,
fda.drugsfda.cohort-status,https://api.fda.gov/drug/drugsfda.json?search=products.active_ingredients.name%3A%22HYDROXOCOBALAMIN%22&count=products.marketing_status,2026-09-02T17:04:34Z,304,application/json,569,9fcfb45fa900c340d31bfd7cff70601386fab5b32a379ddf2cfb1cd6ee84f1b8,"W/""239-uHfULooBXfXPiI+QOXruAGh1fCI""",,unchanged,raw/fda.drugsfda.cohort-status/2026/09/20260902T165414Z-9fcfb45fa900.json,not_modified,
fda.drugsfda.cohort-status,https://api.fda.gov/drug/drugsfda.json?search=products.active_ingredients.name%3A%22HYDROXYCHLOROQUINE%20SULFATE%22&count=products.marketing_status,2026-09-02T17:04:37Z,304,application/json,570,679c87a0425d856e10f8a1f8a1b5e57886d4ee198dba3a3e8413c2b808ee3ddc,"W/""23a-i7bM74dN/0BMaSWn7cr2YWtlduY""",,unchanged,raw/fda.drugsfda.cohort-status/2026/09/20260902T165417Z-679c87a0425d.json,not_modified,
fda.drugsfda.cohort-status,https://api.fda.gov/drug/drugsfda.json?search=products.active_ingredients.name%3A%22ICATIBANT%20ACETATE%22&count=products.marketing_status,2026-09-02T17:04:41Z,304,application/json,569,983cc358d6cdaf94aabd343945b224186c54d3bf5dd58cee331860d16e4dbbcb,"W/""239-uBTO1rbF2IScpo0Gd5/56+dTm9c""",,unchanged,raw/fda.drugsfda.cohort-status/2026/09/20260902T165421Z-983cc358d6cd.json,not_modified,
fda.drugsfda.cohort-status,https://api.fda.gov/drug/drugsfda.json?search=products.active_ingredients.name%3A%22ICOSAPENT%20ETHYL%22&count=products.marketing_status,2026-09-02T17:04:44Z,304,application/json,510,afb16395657fa1b4c481bd4a53c0e1092bba1f632c29334dff198b4720594c4b,"W/""1fe-wwSEN1j10cGKGpjPGJWcS4P+bG4""",,unchanged,raw/fda.drugsfda.cohort-status/2026/09/20260902T165424Z-afb16395657f.json,not_modified,
fda.drugsfda.cohort-status,https://api.fda.gov/drug/drugsfda.json?search=products.active_ingredients.name%3A%22IDARUBICIN%20HYDROCHLORIDE%22&count=products.marketing_status,2026-09-02T17:04:47Z,304,application/json,569,6088b02434bf1992c8676e26af5523c1db9cf903d35698c049a81f3b6e09155e,"W/""239-ic+3bmogGavIteVbhX8fW3i6ZiU""",,unchanged,raw/fda.drugsfda.cohort-status/2026/09/20260902T165434Z-6088b02434bf.json,not_modified,
fda.drugsfda.cohort-status,https://api.fda.gov/drug/drugsfda.json?search=products.active_ingredients.name%3A%22IDELALISIB%22&count=products.marketing_status,2026-09-02T17:04:51Z,304,application/json,509,50f3fe1e0b1ed90e8f89ffc83aada2401dcefa1b4369d64f831c434769b41454,"W/""1fd-eD7fn+2y0P9xRpCwPPcSKx/0YxA""",,unchanged,raw/fda.drugsfda.cohort-status/2026/09/20260902T165437Z-50f3fe1e0b1e.json,not_modified,
fda.drugsfda.cohort-status,https://api.fda.gov/drug/drugsfda.json?search=products.active_ingredients.name%3A%22IFOSFAMIDE%22&count=products.marketing_status,2026-09-02T17:04:54Z,304,application/json,569,849add31f1b92f9e153e4f78d9b0defaa9ae89e18e3bf9900781aa295abbe1f2,"W/""239-8XRnUG3LS29YUr7X/rlbthSQ8s4""",,unchanged,raw/fda.drugsfda.cohort-status/2026/09/20260902T165440Z-849add31f1b9.json,not_modified,
fda.drugsfda.cohort-status,https://api.fda.gov/drug/drugsfda.json?search=products.active_ingredients.name%3A%22INSULIN%20GLARGINE%22&count=products.marketing_status,2026-09-02T17:04:57Z,304,application/json,509,c9e5c86bc2c6bed7823ab84c3e11a33ba7327957f020f3bc8f77c54afccc85f9,"W/""1fd-NKQ4G+LrUHg9AYeegQk6rLQZHgU""",,unchanged,raw/fda.drugsfda.cohort-status/2026/09/20260902T165444Z-c9e5c86bc2c6.json,not_modified,
fda.drugsfda.cohort-status,https://api.fda.gov/drug/drugsfda.json?search=products.active_ingredients.name%3A%22INSULIN%20LISPRO%22&count=products.marketing_status,2026-09-02T17:05:00Z,304,application/json,569,d4c68d5d1d30ba314e5226f394e13a42d5c1e0f4bbf2e690b0531282804d3c93,"W/""239-8kCnKNMgyj2b1HbcjNz1sB7YzZE""",,unchanged,raw/fda.drugsfda.cohort-status/2026/09/20260902T165447Z-d4c68d5d1d30.json,not_modified,
fda.drugsfda.cohort-status,https://api.fda.gov/drug/drugsfda.json?search=products.active_ingredients.name%3A%22INSULIN%20LISPRO%20AABC%22&count=products.marketing_status,2026-09-02T17:05:05Z,304,application/json,509,1efb29338fd1ed11db88971f407afca76add6033f4d3c7669f4f5a1d5c759218,"W/""1fd-slmKsYO1ZvaIoPOpMi6OjBCvLhw""",,unchanged,raw/fda.drugsfda.cohort-status/2026/09/20260902T165451Z-1efb29338fd1.json,not_modified,
fda.drugsfda.cohort-status,https://api.fda.gov/drug/drugsfda.json?search=products.active_ingredients.name%3A%22IOHEXOL%22&count=products.marketing_status,2026-09-02T17:05:09Z,304,application/json,569,c04ba133f561b394b74d19cb07835ae5df15e83afd655d33759d32e3249578b0,"W/""239-6A6veXo2f6lqrighkB7blM2Yy1k""",,unchanged,raw/fda.drugsfda.cohort-status/2026/09/20260902T165454Z-c04ba133f561.json,not_modified,
fda.drugsfda.cohort-status,https://api.fda.gov/drug/drugsfda.json?search=products.active_ingredients.name%3A%22IOPAMIDOL%22&count=products.marketing_status,2026-09-02T17:05:12Z,304,application/json,570,b124ad919718733aa44ab41181693014b2b2f22c0f1627df58efdc8a1b149c08,"W/""23a-THFtt+tI+Qncot9r9hjOs19F5ck""",,unchanged,raw/fda.drugsfda.cohort-status/2026/09/20260902T165457Z-b124ad919718.json,not_modified,
fda.drugsfda.cohort-status,https://api.fda.gov/drug/drugsfda.json?search=products.active_ingredients.name%3A%22IRINOTECAN%20HYDROCHLORIDE%22&count=products.marketing_status,2026-09-02T17:05:15Z,304,application/json,571,0bb59c59d869e75f380f67282133b8bf7a60debd171207663ea141757b20fad8,"W/""23b-eUGWF2MWa6RW6GlJJvGKhZtUN/Q""",,unchanged,raw/fda.drugsfda.cohort-status/2026/09/20260902T165500Z-0bb59c59d869.json,not_modified,
fda.drugsfda.cohort-status,https://api.fda.gov/drug/drugsfda.json?search=products.active_ingredients.name%3A%22IRON%20SUCROSE%22&count=products.marketing_status,2026-09-02T17:05:19Z,304,application/json,569,fe5d5fd46ef730860ecb9b3bc88f98dc6fc7a8d5be0775f3bacb6b54f534d7b7,"W/""239-6hNFRN54R8Di4g6rxzGvVEC7iiY""",,unchanged,raw/fda.drugsfda.cohort-status/2026/09/20260902T165508Z-fe5d5fd46ef7.json,not_modified,
fda.drugsfda.cohort-status,https://api.fda.gov/drug/drugsfda.json?search=products.active_ingredients.name%3A%22ISOCARBOXAZID%22&count=products.marketing_status,2026-09-02T17:05:22Z,304,application/json,509,1efb29338fd1ed11db88971f407afca76add6033f4d3c7669f4f5a1d5c759218,"W/""1fd-slmKsYO1ZvaIoPOpMi6OjBCvLhw""",,unchanged,raw/fda.drugsfda.cohort-status/2026/09/20260902T165512Z-1efb29338fd1.json,not_modified,
fda.drugsfda.cohort-status,https://api.fda.gov/drug/drugsfda.json?search=products.active_ingredients.name%3A%22ITRACONAZOLE%22&count=products.marketing_status,2026-09-02T17:05:25Z,304,application/json,570,71e1be81593556d301112e55f5b092f43dd5e22c74328cef71d254c8220d801c,"W/""23a-+yYvK3lOxvtvNB46AovQyY+ExQA""",,unchanged,raw/fda.drugsfda.cohort-status/2026/09/20260902T165515Z-71e1be815935.json,not_modified,
fda.drugsfda.cohort-status,https://api.fda.gov/drug/drugsfda.json?search=products.active_ingredients.name%3A%22IVABRADINE%22&count=products.marketing_status,2026-09-02T17:05:28Z,304,application/json,569,a5e7dfd078950c7e34c93f9e99a7635d341aa617a4cde06df712298662c5687d,"W/""239-wf97IWAfK2eZX7veamjrJ5UTEf0""",,unchanged,raw/fda.drugsfda.cohort-status/2026/09/20260902T165518Z-a5e7dfd07895.json,not_modified,
fda.drugsfda.cohort-status,https://api.fda.gov/drug/drugsfda.json?search=products.active_ingredients.name%3A%22IVABRADINE%20HYDROCHLORIDE%22&count=products.marketing_status,2026-09-02T17:05:32Z,304,application/json,569,f4488a9ee9233e6090f7eba12352e0bacdf87ec69f0be62168ec5f2e64994c2e,"W/""239-ck2v1xHM7O/paXhDy+rP1LS2l+k""",,unchanged,raw/fda.drugsfda.cohort-status/2026/09/20260902T165522Z-f4488a9ee923.json,not_modified,
fda.drugsfda.cohort-status,https://api.fda.gov/drug/drugsfda.json?search=products.active_ingredients.name%3A%22KETAMINE%20HYDROCHLORIDE%22&count=products.marketing_status,2026-09-02T17:05:35Z,304,application/json,569,13f22ed69ff69e3d23312277253a1734cd93d63a7515fe7a1f3e17e6746f8a65,"W/""239-snmeqFNsqi1DE2EDt9lrjNy83sE""",,unchanged,raw/fda.drugsfda.cohort-status/2026/09/20260902T165525Z-13f22ed69ff6.json,not_modified,
fda.drugsfda.cohort-status,https://api.fda.gov/drug/drugsfda.json?search=products.active_ingredients.name%3A%22KETOROLAC%20TROMETHAMINE%22&count=products.marketing_status,2026-09-02T17:05:38Z,304,application/json,571,f18a0c848ba3da7cc8beab6851dc549a591bbb16a64f29fe01f443cb5f2f1586,"W/""23b-hDi59ilo51jIPXlGZrOpzs5wGHE""",,unchanged,raw/fda.drugsfda.cohort-status/2026/09/20260902T165528Z-f18a0c848ba3.json,not_modified,
fda.drugsfda.cohort-status,https://api.fda.gov/drug/drugsfda.json?search=products.active_ingredients.name%3A%22LAMOTRIGINE%22&count=products.marketing_status,2026-09-02T17:05:42Z,304,application/json,644,ff3407e1f7bcb915ab38e390bf3c5c599b74ced600398d0e2c6fa2a0d961267f,"W/""284-a9ZNjd12O2OxVlYYVSgqqdugr5o""",,unchanged,raw/fda.drugsfda.cohort-status/2026/09/20260902T165532Z-ff3407e1f7bc.json,not_modified,
fda.drugsfda.cohort-status,https://api.fda.gov/drug/drugsfda.json?search=products.active_ingredients.name%3A%22LANREOTIDE%20ACETATE%22&count=products.marketing_status,2026-09-02T17:05:45Z,304,application/json,509,50f3fe1e0b1ed90e8f89ffc83aada2401dcefa1b4369d64f831c434769b41454,"W/""1fd-eD7fn+2y0P9xRpCwPPcSKx/0YxA""",,unchanged,raw/fda.drugsfda.cohort-status/2026/09/20260902T165535Z-50f3fe1e0b1e.json,not_modified,
fda.drugsfda.cohort-status,https://api.fda.gov/drug/drugsfda.json?search=products.active_ingredients.name%3A%22LASMIDITAN%20SUCCINATE%22&count=products.marketing_status,2026-09-02T17:05:48Z,304,application/json,509,a1bec4e0ed2f963c7e2cd7a98414f1d03791f9e738586444355aff76101a18ad,"W/""1fd-b1W9hhPtm2mnwgvfpR8T9wgd/E0""",,unchanged,raw/fda.drugsfda.cohort-status/2026/09/20260902T165539Z-a1bec4e0ed2f.json,not_modified,
fda.drugsfda.cohort-status,https://api.fda.gov/drug/drugsfda.json?search=products.active_ingredients.name%3A%22LEFLUNOMIDE%22&count=products.marketing_status,2026-09-02T17:05:51Z,304,application/json,570,7f86e1e7de88e5fbea849707d70dbd8be5c87bf300117c9e6ce23f352e6ee5cd,"W/""23a-ZxZAMfVff21xrM+DV6PD2juINAE""",,unchanged,raw/fda.drugsfda.cohort-status/2026/09/20260902T165542Z-7f86e1e7de88.json,not_modified,
fda.drugsfda.cohort-status,https://api.fda.gov/drug/drugsfda.json?search=products.active_ingredients.name%3A%22LEVETIRACETAM%22&count=products.marketing_status,2026-09-02T17:05:55Z,304,application/json,644,61b7bd2579d4fd7dd8be77e95c2ee636c92ff527bd80acf2f2d9da8b9c8f3551,"W/""284-kOQKyzSJmTOaLplTy8PSeaLdgrI""",,unchanged,raw/fda.drugsfda.cohort-status/2026/09/20260902T165545Z-61b7bd2579d4.json,not_modified,
fda.drugsfda.cohort-status,https://api.fda.gov/drug/drugsfda.json?search=products.active_ingredients.name%3A%22LEVOFLOXACIN%22&count=products.marketing_status,2026-09-02T17:05:58Z,304,application/json,644,ea0a364059ea2e6ce102bdce55e3e8ccbc9fac1c1de10c5fe6cf37b45cc0b9cd,"W/""284-n6Y+fHPqa5mk5NUS4jYvMpk/RMM""",,unchanged,raw/fda.drugsfda.cohort-status/2026/09/20260902T165549Z-ea0a364059ea.json,not_modified,
fda.drugsfda.cohort-status,https://api.fda.gov/drug/drugsfda.json?search=products.active_ingredients.name%3A%22LEVOLEUCOVORIN%22&count=products.marketing_status,2026-09-02T17:06:01Z,304,application/json,570,5111a8df6eacc158883c7e761fd3d09b46f4f6cba1e867f2393fbc73830de7f4,"W/""23a-2oIS9sQJdL5RpccyhySwylpzoU4""",,unchanged,raw/fda.drugsfda.cohort-status/2026/09/20260902T165552Z-5111a8df6eac.json,not_modified,
fda.drugsfda.cohort-status,https://api.fda.gov/drug/drugsfda.json?search=products.active_ingredients.name%3A%22LIDOCAINE%20HYDROCHLORIDE%22&count=products.marketing_status,2026-09-02T17:06:05Z,304,application/json,571,b4440cd42128e3ea18d51f4d9b923da4438a0562e16a6889131e34b05a370f97,"W/""23b-Bkg198/+PI1W6RLuM2baj7h7Yuo""",,unchanged,raw/fda.drugsfda.cohort-status/2026/09/20260902T165555Z-b4440cd42128.json,not_modified,
fda.drugsfda.cohort-status,https://api.fda.gov/drug/drugsfda.json?search=products.active_ingredients.name%3A%22LINCOMYCIN%20HYDROCHLORIDE%22&count=products.marketing_status,2026-09-02T17:06:08Z,304,application/json,569,2c946b7f0d40010f009e56545c91e74f05a49248874f74f0f007319281ebb853,"W/""239-U7xj3riMQDJAazOXKeNs65husyU""",,unchanged,raw/fda.drugsfda.cohort-status/2026/09/20260902T165559Z-2c946b7f0d40.json,not_modified,
fda.drugsfda.cohort-status,https://api.fda.gov/drug/drugsfda.json?search=products.active_ingredients.name%3A%22LIRAGLUTIDE%22&count=products.marketing_status,2026-09-02T17:06:11Z,304,application/json,510,b5f27ff3a3ad7ef6b371c98f960132d60a9dfc8fedee56992de150051bbbaa78,"W/""1fe-6PBkup7jFH+U73oOs+s+ANO9KIY""",,unchanged,raw/fda.drugsfda.cohort-status/2026/09/20260902T165602Z-b5f27ff3a3ad.json,not_modified,
fda.drugsfda.cohort-status,https://api.fda.gov/drug/drugsfda.json?search=products.active_ingredients.name%3A%22LISDEXAMFETAMINE%20DIMESYLATE%22&count=products.marketing_status,2026-09-02T17:06:15Z,304,application/json,510,7fd004328da77de68fba42092797723a4987c6029cd9ee9c53363e06ab6ae0f0,"W/""1fe-ACwJpfhJp9aurgw3R6cykGxoCJ4""",,unchanged,raw/fda.drugsfda.cohort-status/2026/09/20260902T165605Z-7fd004328da7.json,not_modified,
fda.drugsfda.cohort-status,https://api.fda.gov/drug/drugsfda.json?search=products.active_ingredients.name%3A%22LORAZEPAM%22&count=products.marketing_status,2026-09-02T17:06:18Z,304,application/json,571,d62c9ec4f2a4559d93609a3dc6263bad32104238bb31a567b4bdda121d8ceefe,"W/""23b-iKVCIxgCVsToFFQeef1dlOm/Jvo""",,unchanged,raw/fda.drugsfda.cohort-status/2026/09/20260902T165608Z-d62c9ec4f2a4.json,not_modified,
fda.drugsfda.cohort-status,https://api.fda.gov/drug/drugsfda.json?search=products.active_ingredients.name%3A%22LORLATINIB%22&count=products.marketing_status,2026-09-02T17:06:21Z,304,application/json,509,1efb29338fd1ed11db88971f407afca76add6033f4d3c7669f4f5a1d5c759218,"W/""1fd-slmKsYO1ZvaIoPOpMi6OjBCvLhw""",,unchanged,raw/fda.drugsfda.cohort-status/2026/09/20260902T165612Z-1efb29338fd1.json,not_modified,
fda.drugsfda.cohort-status,https://api.fda.gov/drug/drugsfda.json?search=products.active_ingredients.name%3A%22MARAVIROC%22&count=products.marketing_status,2026-09-02T17:06:25Z,304,application/json,642,29bb13dfd2e58befd76751af1f835522297e5b043a1c2366369ab9fb876c499a,"W/""282-cMVyE9YVgYVYbs/YDo7XaQhHq4g""",,unchanged,raw/fda.drugsfda.cohort-status/2026/09/20260902T165615Z-29bb13dfd2e5.json,not_modified,
fda.drugsfda.cohort-status,https://api.fda.gov/drug/drugsfda.json?search=products.active_ingredients.name%3A%22MEPERIDINE%20HYDROCHLORIDE%22&count=products.marketing_status,2026-09-02T17:06:28Z,304,application/json,570,aeb231b25fef68aefde3799444e22928c3a9dee80166890efd8141b82cdde676,"W/""23a-QWMXSo2LxyHlA5XhRHjeluZM+jw""",,unchanged,raw/fda.drugsfda.cohort-status/2026/09/20260902T165619Z-aeb231b25fef.json,not_modified,
fda.drugsfda.cohort-status,https://api.fda.gov/drug/drugsfda.json?search=products.active_ingredients.name%3A%22MEPIVACAINE%20HYDROCHLORIDE%22&count=products.marketing_status,2026-09-02T17:06:31Z,304,application/json,570,91b1362481823cd955a45443bc170b128122e5659eafa90ad1bf1d58e6153b23,"W/""23a-5icOMwX0QXVUSMMRgwrBx0nSa4A""",,unchanged,raw/fda.drugsfda.cohort-status/2026/09/20260902T165622Z-91b136248182.json,not_modified,
fda.drugsfda.cohort-status,https://api.fda.gov/drug/drugsfda.json?search=products.active_ingredients.name%3A%22MEROPENEM%22&count=products.marketing_status,2026-09-02T17:06:34Z,304,application/json,570,b0ec646984d0c6bf84b743694bd1dc9f554e564761f5e680b5b2292e03c26615,"W/""23a-VSrADCge1C6lim1bi7tdZws+veM""",,unchanged,raw/fda.drugsfda.cohort-status/2026/09/20260902T165625Z-b0ec646984d0.json,not_modified,
fda.drugsfda.cohort-status,https://api.fda.gov/drug/drugsfda.json?search=products.active_ingredients.name%3A%22MESALAMINE%22&count=products.marketing_status,2026-09-02T17:06:38Z,304,application/json,571,ba83a4f63fb469530e9bec9e4ba8a00a496d89ddc0ae86fc709da34281f824f6,"W/""23b-uc7gsWcbbcJwME/6jf+4CvDwPZ0""",,unchanged,raw/fda.drugsfda.cohort-status/2026/09/20260902T165629Z-ba83a4f63fb4.json,not_modified,
fda.drugsfda.cohort-status,https://api.fda.gov/drug/drugsfda.json?search=products.active_ingredients.name%3A%22METHADONE%20HYDROCHLORIDE%22&count=products.marketing_status,2026-09-02T17:06:41Z,304,application/json,570,37aa1d5c0a42a485afe6504b6752d5f4d8b614fb127105f356a0df3674de1064,"W/""23a-Mqar/QhL/mwQC3JUffReAzryNUM""",,unchanged,raw/fda.drugsfda.cohort-status/2026/09/20260902T165632Z-37aa1d5c0a42.json,not_modified,
fda.drugsfda.cohort-status,https://api.fda.gov/drug/drugsfda.json?search=products.active_ingredients.name%3A%22METHOCARBAMOL%22&count=products.marketing_status,2026-09-02T17:06:44Z,304,application/json,571,a00cef7319336ec51211a7aa0117015c849e7e7e533ca86c597c3a2b5edee20b,"W/""23b-ALiUzfXNuLYeluC55lOjM0lkXLs""",,unchanged,raw/fda.drugsfda.cohort-status/2026/09/20260902T165635Z-a00cef731933.json,not_modified,
fda.drugsfda.cohort-status,https://api.fda.gov/drug/drugsfda.json?search=products.active_ingredients.name%3A%22METHOTREXATE%22&count=products.marketing_status,2026-09-02T17:06:48Z,304,application/json,571,3bde83531faa15c81e0389b0b5d63a1c933d67d3d1c7c63cca24d72b65857270,"W/""23b-94dOUbrL8ZpP7uLMhj3AfsMKx6A""",,unchanged,raw/fda.drugsfda.cohort-status/2026/09/20260902T165639Z-3bde83531faa.json,not_modified,
fda.drugsfda.cohort-status,https://api.fda.gov/drug/drugsfda.json?search=products.active_ingredients.name%3A%22METHOTREXATE%20SODIUM%22&count=products.marketing_status,2026-09-02T17:06:51Z,304,application/json,571,3a0ac483d8710c08f37f59782082c1d711e20ceda4109488633855150cf039a8,"W/""23b-5ymyxhPGJbhV5iB8iv0mwIQkjjw""",,unchanged,raw/fda.drugsfda.cohort-status/2026/09/20260902T165642Z-3a0ac483d871.json,not_modified,
fda.drugsfda.cohort-status,https://api.fda.gov/drug/drugsfda.json?search=products.active_ingredients.name%3A%22METHYLENE%20BLUE%22&count=products.marketing_status,2026-09-02T17:06:54Z,304,application/json,509,c9e5c86bc2c6bed7823ab84c3e11a33ba7327957f020f3bc8f77c54afccc85f9,"W/""1fd-NKQ4G+LrUHg9AYeegQk6rLQZHgU""",,unchanged,raw/fda.drugsfda.cohort-status/2026/09/20260902T165645Z-c9e5c86bc2c6.json,not_modified,
fda.drugsfda.cohort-status,https://api.fda.gov/drug/drugsfda.json?search=products.active_ingredients.name%3A%22METHYLPHENIDATE%22&count=products.marketing_status,2026-09-02T17:06:58Z,200,application/json,644,7695662e678c680fae08c94f413fbdad5ea62962f8a58a73f245660e6792d8ed,"W/""284-24pw7pjDDpoOf64auEh69gXcLc0""",,first_capture,raw/fda.drugsfda.cohort-status/2026/09/20260902T170658Z-7695662e678c.json,,
fda.drugsfda.cohort-status,https://api.fda.gov/drug/drugsfda.json?search=products.active_ingredients.name%3A%22METHYLPHENIDATE%20HYDROCHLORIDE%22&count=products.marketing_status,2026-09-02T17:07:01Z,200,application/json,644,58dd43e5a400db8743b8217508d4bb8d0ba402cabaadd2da089f077b443b4755,"W/""284-9weKFMYEafVvGwSCIVPleLrmu4k""",,first_capture,raw/fda.drugsfda.cohort-status/2026/09/20260902T170701Z-58dd43e5a400.json,,
fda.drugsfda.cohort-status,https://api.fda.gov/drug/drugsfda.json?search=products.active_ingredients.name%3A%22METHYLPREDNISOLONE%22&count=products.marketing_status,2026-09-02T17:07:05Z,200,application/json,571,56800d17329cc7dc3a9080adc13473c87590fbf2dc5a454def7c81d326a7ed8f,"W/""23b-Q6lxSR0BB6i1Z7bSU7arCUapPE0""",,first_capture,raw/fda.drugsfda.cohort-status/2026/09/20260902T170705Z-56800d17329c.json,,
fda.drugsfda.cohort-status,https://api.fda.gov/drug/drugsfda.json?search=products.active_ingredients.name%3A%22METHYLPREDNISOLONE%20ACETATE%22&count=products.marketing_status,2026-09-02T17:07:08Z,200,application/json,571,8b06ca4b77e330779d5e9dce78fd1916283718a45866e6c3e1318b035c824483,"W/""23b-s17Fb2WeYwzBqhpOUNpeGkZO1EY""",,first_capture,raw/fda.drugsfda.cohort-status/2026/09/20260902T170708Z-8b06ca4b77e3.json,,
fda.drugsfda.cohort-status,https://api.fda.gov/drug/drugsfda.json?search=products.active_ingredients.name%3A%22METHYLPREDNISOLONE%20SODIUM%20SUCCINATE%22&count=products.marketing_status,2026-09-02T17:07:11Z,200,application/json,570,f2661818675a399b31ac7219153c025466e6ae9d3551b13261db0a040e458564,"W/""23a-mP5SUmI1kWrjRYXrg23UC3x0urg""",,first_capture,raw/fda.drugsfda.cohort-status/2026/09/20260902T170711Z-f2661818675a.json,,
fda.drugsfda.cohort-status,https://api.fda.gov/drug/drugsfda.json?search=products.active_ingredients.name%3A%22METOCLOPRAMIDE%22&count=products.marketing_status,2026-09-02T17:07:15Z,200,application/json,571,01a50e4834d01ebd5164a5a1073c6f3efc34c3781165efb1af762b45d649a82f,"W/""23b-FYpxfiLE/BmiL6R5rQKOYt6k7F0""",,first_capture,raw/fda.drugsfda.cohort-status/2026/09/20260902T170715Z-01a50e4834d0.json,,
fda.drugsfda.cohort-status,https://api.fda.gov/drug/drugsfda.json?search=products.active_ingredients.name%3A%22METRONIDAZOLE%22&count=products.marketing_status,2026-09-02T17:07:18Z,200,application/json,571,6c4d09c460aee8d9fd73ba6c8580c52ca3fd015862c2badeb6e64b24cdcaedaa,"W/""23b-ev4l17K3Rp2moDvPGXe58DR7tWY""",,first_capture,raw/fda.drugsfda.cohort-status/2026/09/20260902T170718Z-6c4d09c460ae.json,,
fda.drugsfda.cohort-status,https://api.fda.gov/drug/drugsfda.json?search=products.active_ingredients.name%3A%22MICAFUNGIN%20SODIUM%22&count=products.marketing_status,2026-09-02T17:07:21Z,200,application/json,570,ef6d6190f401ecf419175ea32195869bc99a33d70b4770b36fe9bbc2ca3e261d,"W/""23a-JLErdZ93o/wzUKsb6AIIWHtn5rU""",,first_capture,raw/fda.drugsfda.cohort-status/2026/09/20260902T170721Z-ef6d6190f401.json,,
fda.drugsfda.cohort-status,https://api.fda.gov/drug/drugsfda.json?search=products.active_ingredients.name%3A%22MIDAZOLAM%22&count=products.marketing_status,2026-09-02T17:07:28Z,200,application/json,644,dae7541dc3e9b94075c17d09beb2ac7fb15526b6c8c1147597252d16de7c7337,"W/""284-W+inJ7LysWWnve1H53UFsBvzIUs""",,first_capture,raw/fda.drugsfda.cohort-status/2026/09/20260902T170728Z-dae7541dc3e9.json,,
fda.drugsfda.cohort-status,https://api.fda.gov/drug/drugsfda.json?search=products.active_ingredients.name%3A%22MIDAZOLAM%20HYDROCHLORIDE%22&count=products.marketing_status,2026-09-02T17:07:31Z,200,application/json,571,f6b67231e398a71dbd06b8588e4624ebfc5ffcefd81e437c835139f5c31f8af7,"W/""23b-ksAndEOaGx9lgv8qAGmewE7Ames""",,first_capture,raw/fda.drugsfda.cohort-status/2026/09/20260902T170731Z-f6b67231e398.json,,
fda.drugsfda.cohort-status,https://api.fda.gov/drug/drugsfda.json?search=products.active_ingredients.name%3A%22MILRINONE%20LACTATE%22&count=products.marketing_status,2026-09-02T17:07:35Z,200,application/json,571,bef8a5e07d49c7672c6cffa49713954d853abbeb6f9300a1a677a4f835cbbef3,"W/""23b-NUVLvmAnEXDSEjPskWTQmSisSjo""",,first_capture,raw/fda.drugsfda.cohort-status/2026/09/20260902T170735Z-bef8a5e07d49.json,,
fda.drugsfda.cohort-status,https://api.fda.gov/drug/drugsfda.json?search=products.active_ingredients.name%3A%22MIRIKIZUMAB%20MRKZ%22&count=products.marketing_status,2026-09-02T17:07:41Z,200,application/json,509,1efb29338fd1ed11db88971f407afca76add6033f4d3c7669f4f5a1d5c759218,"W/""1fd-slmKsYO1ZvaIoPOpMi6OjBCvLhw""",,first_capture,raw/fda.drugsfda.cohort-status/2026/09/20260902T170741Z-1efb29338fd1.json,,
fda.drugsfda.cohort-status,https://api.fda.gov/drug/drugsfda.json?search=products.active_ingredients.name%3A%22MITOMYCIN%22&count=products.marketing_status,2026-09-02T17:07:44Z,200,application/json,570,82150cac8d22afe8b46f5e2ccfe24cdfb7b757dcac84e135055e776d871219d7,"W/""23a-XIHwcGNYhZf96BBQ1GMF9mCB8YU""",,first_capture,raw/fda.drugsfda.cohort-status/2026/09/20260902T170744Z-82150cac8d22.json,,
fda.drugsfda.cohort-status,https://api.fda.gov/drug/drugsfda.json?search=products.active_ingredients.name%3A%22MORPHINE%20SULFATE%22&count=products.marketing_status,2026-09-02T17:07:47Z,200,application/json,571,197e55606e81b4dae50a0f19bec41bc54bd679732fb7e12e5c1a49c2a089f44b,"W/""23b-ooaB5YVHVObAvllk/Kl++Fnn1qM""",,first_capture,raw/fda.drugsfda.cohort-status/2026/09/20260902T170747Z-197e55606e81.json,,
fda.drugsfda.cohort-status,https://api.fda.gov/drug/drugsfda.json?search=products.active_ingredients.name%3A%22MOXIFLOXACIN%22&count=products.marketing_status,2026-09-02T17:07:51Z,200,application/json,643,191b0347881669194814945c3f4871ec0979ae6e2f4ac1ef8da208eeb9405ce4,"W/""283-pz9UycYXEa0KAZkTg5iluYJ2ib4""",,first_capture,raw/fda.drugsfda.cohort-status/2026/09/20260902T170751Z-191b03478816.json,,
fda.drugsfda.cohort-status,https://api.fda.gov/drug/drugsfda.json?search=products.active_ingredients.name%3A%22MYCOPHENOLATE%20MOFETIL%22&count=products.marketing_status,2026-09-02T17:07:54Z,200,application/json,644,989229a1958a187cbd720d483f547d6c9a083eb5d4ded1e433acf0da5b2f55e8,"W/""284-duykJgKrv/ps3HDS7PfGcxldu1s""",,first_capture,raw/fda.drugsfda.cohort-status/2026/09/20260902T170754Z-989229a1958a.json,,
fda.drugsfda.cohort-status,https://api.fda.gov/drug/drugsfda.json?search=products.active_ingredients.name%3A%22NAFCILLIN%22&count=products.marketing_status,2026-09-02T17:07:57Z,200,application/json,570,00d0ebe48780b9cd2aac2458055dd640a9d0789fc8fb67a48a4126eb5251f7f8,"W/""23a-4S2BSxgv7gExK2R4QlAMwpikokY""",,first_capture,raw/fda.drugsfda.cohort-status/2026/09/20260902T170757Z-00d0ebe48780.json,,
fda.drugsfda.cohort-status,https://api.fda.gov/drug/drugsfda.json?search=products.active_ingredients.name%3A%22NAFCILLIN%20SODIUM%22&count=products.marketing_status,2026-09-02T17:08:01Z,200,application/json,570,00d0ebe48780b9cd2aac2458055dd640a9d0789fc8fb67a48a4126eb5251f7f8,"W/""23a-4S2BSxgv7gExK2R4QlAMwpikokY""",,first_capture,raw/fda.drugsfda.cohort-status/2026/09/20260902T170801Z-00d0ebe48780.json,,
fda.drugsfda.cohort-status,https://api.fda.gov/drug/drugsfda.json?search=products.active_ingredients.name%3A%22NALOXONE%20HYDROCHLORIDE%22&count=products.marketing_status,2026-09-02T17:08:04Z,200,application/json,708,a53e422f1adfea82e460c4078ded608fa2c3701b02d5093286ac6e4a499081db,"W/""2c4-4RbMGdM5bufC8CGoXYbc2z3rZmE""",,first_capture,raw/fda.drugsfda.cohort-status/2026/09/20260902T170804Z-a53e422f1adf.json,,
fda.drugsfda.cohort-status,https://api.fda.gov/drug/drugsfda.json?search=products.active_ingredients.name%3A%22NEBIVOLOL%20HYDROCHLORIDE%22&count=products.marketing_status,2026-09-02T17:08:07Z,200,application/json,643,b9e4336c0921dcbc4f194ab0ac531c6275a22907215fef698a1d4c61d6233634,"W/""283-dqwEBc8gOLM/JAtB2aWRHK3Ww1E""",,first_capture,raw/fda.drugsfda.cohort-status/2026/09/20260902T170807Z-b9e4336c0921.json,,
fda.drugsfda.cohort-status,https://api.fda.gov/drug/drugsfda.json?search=products.active_ingredients.name%3A%22NEOSTIGMINE%22&count=products.marketing_status,2026-09-02T17:08:11Z,200,application/json,570,69b4ad36dc6e69c3fec35f1b45191dec09c82fd9b140362344a4e9270e5e3c2c,"W/""23a-0vm4A6+U8yViY0TnIdIMkFtE/S4""",,first_capture,raw/fda.drugsfda.cohort-status/2026/09/20260902T170811Z-69b4ad36dc6e.json,,
fda.drugsfda.cohort-status,https://api.fda.gov/drug/drugsfda.json?search=products.active_ingredients.name%3A%22NEOSTIGMINE%20METHYLSULFATE%22&count=products.marketing_status,2026-09-02T17:08:14Z,200,application/json,570,69b4ad36dc6e69c3fec35f1b45191dec09c82fd9b140362344a4e9270e5e3c2c,"W/""23a-0vm4A6+U8yViY0TnIdIMkFtE/S4""",,first_capture,raw/fda.drugsfda.cohort-status/2026/09/20260902T170814Z-69b4ad36dc6e.json,,
fda.drugsfda.cohort-status,https://api.fda.gov/drug/drugsfda.json?search=products.active_ingredients.name%3A%22NILUTAMIDE%22&count=products.marketing_status,2026-09-02T17:08:17Z,200,application/json,569,1794b8383ac0e6f172cd2e96bcda6a6bdb9a0175e7e10106990d2822805cbad3,"W/""239-y71nTlqvnJGjIRH6pRRY4MCcdJ4""",,first_capture,raw/fda.drugsfda.cohort-status/2026/09/20260902T170817Z-1794b8383ac0.json,,
fda.drugsfda.cohort-status,https://api.fda.gov/drug/drugsfda.json?search=products.active_ingredients.name%3A%22NITROFURANTOIN%22&count=products.marketing_status,2026-09-02T17:08:21Z,200,application/json,571,3143dd2323ee9f2fbe30514417b4ec77f418798b5e2b15cd77f9f84d53e0b80d,"W/""23b-3YF3d96r+S/AWUjqWsnr8jBuK4w""",,first_capture,raw/fda.drugsfda.cohort-status/2026/09/20260902T170821Z-3143dd2323ee.json,,
fda.drugsfda.cohort-status,https://api.fda.gov/drug/drugsfda.json?search=products.active_ingredients.name%3A%22NITROGLYCERIN%22&count=products.marketing_status,2026-09-02T17:08:24Z,200,application/json,644,b0a1dca738b64c29d6a2004c10864acc7e38a34f0b8c0909ab7f24ded5c163f4,"W/""284-s7v8Dbp9OM+6o8pP1S02myUABXA""",,first_capture,raw/fda.drugsfda.cohort-status/2026/09/20260902T170824Z-b0a1dca738b6.json,,
fda.drugsfda.cohort-status,https://api.fda.gov/drug/drugsfda.json?search=products.active_ingredients.name%3A%22NOREPINEPHRINE%20BITARTRATE%22&count=products.marketing_status,2026-09-02T17:08:27Z,200,application/json,570,cefa776ef8f6281088617f1cd31ad67bebb68275cf0d539080b9d25a1291ccc3,"W/""23a-w5wooE0EulqWkG6kgdlFXTwrkwY""",,first_capture,raw/fda.drugsfda.cohort-status/2026/09/20260902T170827Z-cefa776ef8f6.json,,
fda.drugsfda.cohort-status,https://api.fda.gov/drug/drugsfda.json?search=products.active_ingredients.name%3A%22OBETICHOLIC%20ACID%22&count=products.marketing_status,2026-09-02T17:08:30Z,200,application/json,582,172918329da64073895acf81e6687fe3d6c4b8388aeeb6d9546dbb735fb58571,"W/""246-6qRGGSSg7dhnwQWn8RwzrBE3m1k""",,first_capture,raw/fda.drugsfda.cohort-status/2026/09/20260902T170830Z-172918329da6.json,,
fda.drugsfda.cohort-status,https://api.fda.gov/drug/drugsfda.json?search=products.active_ingredients.name%3A%22OCTREOTIDE%20ACETATE%22&count=products.marketing_status,2026-09-02T17:08:34Z,200,application/json,570,1884443e394b4a86ee55a3b09e80e0e8be625fa8f4b1ba87c377cf7408e5cded,"W/""23a-jVqvbBl6GQ4Xd8Mz+KMCE4SKF1k""",,first_capture,raw/fda.drugsfda.cohort-status/2026/09/20260902T170834Z-1884443e394b.json,,
fda.drugsfda.cohort-status,https://api.fda.gov/drug/drugsfda.json?search=products.active_ingredients.name%3A%22OLANZAPINE%22&count=products.marketing_status,2026-09-02T17:08:37Z,200,application/json,644,995b15bec0a27871a66ba56c3369945769f061774cf0e42a71e96055db6671d1,"W/""284-6x0JSqvRxbCjrg4gACIgNflAq2k""",,first_capture,raw/fda.drugsfda.cohort-status/2026/09/20260902T170837Z-995b15bec0a2.json,,
fda.drugsfda.cohort-status,https://api.fda.gov/drug/drugsfda.json?search=products.active_ingredients.name%3A%22OMEPRAZOLE%22&count=products.marketing_status,2026-09-02T17:08:40Z,200,application/json,709,9efb41eaf6f9bc107b909173026a6cbb0c2cc0c8d6613658f21dc2c483669297,"W/""2c5-Dw1VGIGEeYcbQJDsRlr4Xk7OvfY""",,first_capture,raw/fda.drugsfda.cohort-status/2026/09/20260902T170840Z-9efb41eaf6f9.json,,
fda.drugsfda.cohort-status,https://api.fda.gov/drug/drugsfda.json?search=products.active_ingredients.name%3A%22OSELTAMIVIR%20PHOSPHATE%22&count=products.marketing_status,2026-09-02T17:08:44Z,200,application/json,570,d68b4d878bc27180829d9f0bb214fbe1bf9252732a33b76dc9627fa3d119942f,"W/""23a-JQooaYXzx4TA+lCJF5fjy8k4K7w""",,first_capture,raw/fda.drugsfda.cohort-status/2026/09/20260902T170844Z-d68b4d878bc2.json,,
fda.drugsfda.cohort-status,https://api.fda.gov/drug/drugsfda.json?search=products.active_ingredients.name%3A%22OXACILLIN%20SODIUM%22&count=products.marketing_status,2026-09-02T17:08:47Z,200,application/json,570,f7e328658bf5884b5bef06d24209cfc3fbda716d269b091e655e5d9eb7be8a3a,"W/""23a-Lyby1SNibk1XZmaBgi6SPnLR6qA""",,first_capture,raw/fda.drugsfda.cohort-status/2026/09/20260902T170847Z-f7e328658bf5.json,,
fda.drugsfda.cohort-status,https://api.fda.gov/drug/drugsfda.json?search=products.active_ingredients.name%3A%22OXALIPLATIN%22&count=products.marketing_status,2026-09-02T17:08:50Z,200,application/json,644,77c5561fe4e0bd93cdf32d99c5d6f6bf39b9083d73a4704df8840b0f955f285f,"W/""284-wRyJ+/+9VEEdtJAbrQVfOnCHBk0""",,first_capture,raw/fda.drugsfda.cohort-status/2026/09/20260902T170850Z-77c5561fe4e0.json,,
fda.drugsfda.cohort-status,https://api.fda.gov/drug/drugsfda.json?search=products.active_ingredients.name%3A%22OXYCODONE%20HYDROCHLORIDE%22&count=products.marketing_status,2026-09-02T17:08:54Z,200,application/json,644,ef312a3d0fe184912c8c6d128dba9c37054e71b540b5cd9f1341910a13187a08,"W/""284-ycqMa+cdMdvy+zEp/DWeGmcJegY""",,first_capture,raw/fda.drugsfda.cohort-status/2026/09/20260902T170854Z-ef312a3d0fe1.json,,
fda.drugsfda.cohort-status,https://api.fda.gov/drug/drugsfda.json?search=products.active_ingredients.name%3A%22PACLITAXEL%22&count=products.marketing_status,2026-09-02T17:08:57Z,200,application/json,570,9e9e7c19f0926f9a4b3db68cf4645575a44548462610f02c9fc8162f19012d38,"W/""23a-jIzl5RkWAHOx0+OlvtJ8sad7uY4""",,first_capture,raw/fda.drugsfda.cohort-status/2026/09/20260902T170857Z-9e9e7c19f092.json,,
fda.drugsfda.cohort-status,https://api.fda.gov/drug/drugsfda.json?search=products.active_ingredients.name%3A%22PALBOCICLIB%22&count=products.marketing_status,2026-09-02T17:09:03Z,200,application/json,643,f0f33cf7f4c0231baccdb406f9e1810985751086061824f3ef28bdc0debcfa2b,"W/""283-hpiIER3sSOkxvlGfLqtS8+Z8iKY""",,first_capture,raw/fda.drugsfda.cohort-status/2026/09/20260902T170903Z-f0f33cf7f4c0.json,,
fda.drugsfda.cohort-status,https://api.fda.gov/drug/drugsfda.json?search=products.active_ingredients.name%3A%22PALONOSETRON%22&count=products.marketing_status,2026-09-02T17:09:06Z,200,application/json,644,64d4e4c19dc4c257b57c1a7baea4e9606e93afa9314ed716626415b2251b1bbb,"W/""284-Lda3/0svBzXUPZ+pqtctXf41b3E""",,first_capture,raw/fda.drugsfda.cohort-status/2026/09/20260902T170906Z-64d4e4c19dc4.json,,
fda.drugsfda.cohort-status,https://api.fda.gov/drug/drugsfda.json?search=products.active_ingredients.name%3A%22PALONOSETRON%20HYDROCHLORIDE%22&count=products.marketing_status,2026-09-02T17:09:10Z,200,application/json,644,64d4e4c19dc4c257b57c1a7baea4e9606e93afa9314ed716626415b2251b1bbb,"W/""284-Lda3/0svBzXUPZ+pqtctXf41b3E""",,first_capture,raw/fda.drugsfda.cohort-status/2026/09/20260902T170910Z-64d4e4c19dc4.json,,
fda.drugsfda.cohort-status,https://api.fda.gov/drug/drugsfda.json?search=products.active_ingredients.name%3A%22PARICALCITOL%22&count=products.marketing_status,2026-09-02T17:09:13Z,200,application/json,643,ef605915b2c84094c83496655b908b47bf6186f19a366f92ff59e452e3c478cc,"W/""283-+4d52+OqTNS3ViH8tibBuYx9SOQ""",,first_capture,raw/fda.drugsfda.cohort-status/2026/09/20260902T170913Z-ef605915b2c8.json,,
fda.drugsfda.cohort-status,https://api.fda.gov/drug/drugsfda.json?search=products.active_ingredients.name%3A%22PEGINTERFERON%20ALFA%202A%22&count=products.marketing_status,2026-09-02T17:09:16Z,200,application/json,509,1efb29338fd1ed11db88971f407afca76add6033f4d3c7669f4f5a1d5c759218,"W/""1fd-slmKsYO1ZvaIoPOpMi6OjBCvLhw""",,first_capture,raw/fda.drugsfda.cohort-status/2026/09/20260902T170916Z-1efb29338fd1.json,,
fda.drugsfda.cohort-status,https://api.fda.gov/drug/drugsfda.json?search=products.active_ingredients.name%3A%22PEMETREXED%22&count=products.marketing_status,2026-09-02T17:09:20Z,200,application/json,643,b31226205a5592d454245824b751ccb8282c54882d2b47a1ffc9895c31159346,"W/""283-Z5bGwBKjBW7KTlOyB4JKTNpH1yg""",,first_capture,raw/fda.drugsfda.cohort-status/2026/09/20260902T170920Z-b31226205a55.json,,
fda.drugsfda.cohort-status,https://api.fda.gov/drug/drugsfda.json?search=products.active_ingredients.name%3A%22PEMETREXED%20DISODIUM%22&count=products.marketing_status,2026-09-02T17:09:23Z,200,application/json,570,e6c4a063111947113999161edcf6ce25b6942f96ccd3155be25915dac8378278,"W/""23a-PQkJnzf/6e/7IkH74pCtATkNbfg""",,first_capture,raw/fda.drugsfda.cohort-status/2026/09/20260902T170923Z-e6c4a0631119.json,,
fda.drugsfda.cohort-status,https://api.fda.gov/drug/drugsfda.json?search=products.active_ingredients.name%3A%22PENICILLIN%20G%20BENZATHINE%22&count=products.marketing_status,2026-09-02T17:09:26Z,200,application/json,569,892c55c0774eba524fc1484e178a6a812636bee1ff81c5cffc5515890c0a10dc,"W/""239-MKJXhR5eCBln/GoD13rc0VzbkmE""",,first_capture,raw/fda.drugsfda.cohort-status/2026/09/20260902T170926Z-892c55c0774e.json,,
fda.drugsfda.cohort-status,https://api.fda.gov/drug/drugsfda.json?search=products.active_ingredients.name%3A%22PENTAMIDINE%20ISETHIONATE%22&count=products.marketing_status,2026-09-02T17:09:29Z,200,application/json,569,3554e3f9a0d9d222319dd64d0e4f49ce708f6d66b96fa252a8129f056b552107,"W/""239-Z1IPJB7WfYCuFC6USeSL1f3SuAw""",,first_capture,raw/fda.drugsfda.cohort-status/2026/09/20260902T170929Z-3554e3f9a0d9.json,,
fda.drugsfda.cohort-status,https://api.fda.gov/drug/drugsfda.json?search=products.active_ingredients.name%3A%22PENTOSTATIN%22&count=products.marketing_status,2026-09-02T17:09:33Z,200,application/json,569,d29d9e5dfccbb03566d256d20784b1a10b4fbdcced3aa0dfb7a28693055fc37a,"W/""239-Ho82cQZ+0jMU2JTeDgy2ZfkXLH8""",,first_capture,raw/fda.drugsfda.cohort-status/2026/09/20260902T170933Z-d29d9e5dfccb.json,,
fda.drugsfda.cohort-status,https://api.fda.gov/drug/drugsfda.json?search=products.active_ingredients.name%3A%22PHENOBARBITAL%22&count=products.marketing_status,2026-09-02T17:09:36Z,200,application/json,509,1efb29338fd1ed11db88971f407afca76add6033f4d3c7669f4f5a1d5c759218,"W/""1fd-slmKsYO1ZvaIoPOpMi6OjBCvLhw""",,first_capture,raw/fda.drugsfda.cohort-status/2026/09/20260902T170936Z-1efb29338fd1.json,,
fda.drugsfda.cohort-status,https://api.fda.gov/drug/drugsfda.json?search=products.active_ingredients.name%3A%22PHENOXYBENZAMINE%20HYDROCHLORIDE%22&count=products.marketing_status,2026-09-02T17:09:39Z,200,application/json,569,ad2f8ff39c292a89b9a9d9bb76f976e9f62542117af6d96965e552313ea3115d,"W/""239-3w46g6jEvY0jdVWEoxp86RYqfFI""",,first_capture,raw/fda.drugsfda.cohort-status/2026/09/20260902T170939Z-ad2f8ff39c29.json,,
fda.drugsfda.cohort-status,https://api.fda.gov/drug/drugsfda.json?search=products.active_ingredients.name%3A%22PHENYLEPHRINE%20HYDROCHLORIDE%22&count=products.marketing_status,2026-09-02T17:09:43Z,200,application/json,635,514fa440ea7ae01ec7849d3c82a0ac7aa4cf68b9a258d66ea14e911335d1567a,"W/""27b-BllObFm6TbH8Spi1JNt5nz3PNUA""",,first_capture,raw/fda.drugsfda.cohort-status/2026/09/20260902T170943Z-514fa440ea7a.json,,
fda.drugsfda.cohort-status,https://api.fda.gov/drug/drugsfda.json?search=products.active_ingredients.name%3A%22PILOCARPINE%20HYDROCHLORIDE%22&count=products.marketing_status,2026-09-02T17:09:46Z,200,application/json,570,29c3c4f50239003211e0c8a9bdf31f58996b450d696db06110944c7b08f4d5aa,"W/""23a-z/RIKBYgXVNzyK6oVyBacBKjVZs""",,first_capture,raw/fda.drugsfda.cohort-status/2026/09/20260902T170946Z-29c3c4f50239.json,,
fda.drugsfda.cohort-status,https://api.fda.gov/drug/drugsfda.json?search=products.active_ingredients.name%3A%22PINDOLOL%22&count=products.marketing_status,2026-09-02T17:09:49Z,200,application/json,570,fb84dd8f4b56e1c1d8bddfaf07243c529b1b73f546c2dd872bc956c783c5b30d,"W/""23a-OJ65DMtxAK5AiGLk27BLOVS5wWw""",,first_capture,raw/fda.drugsfda.cohort-status/2026/09/20260902T170949Z-fb84dd8f4b56.json,,
fda.drugsfda.cohort-status,https://api.fda.gov/drug/drugsfda.json?search=products.active_ingredients.name%3A%22PIPERACILLIN%20TAZOBACTAM%22&count=products.marketing_status,2026-09-02T17:09:53Z,200,application/json,569,1794b8383ac0e6f172cd2e96bcda6a6bdb9a0175e7e10106990d2822805cbad3,"W/""239-y71nTlqvnJGjIRH6pRRY4MCcdJ4""",,first_capture,raw/fda.drugsfda.cohort-status/2026/09/20260902T170953Z-1794b8383ac0.json,,
fda.drugsfda.cohort-status,https://api.fda.gov/drug/drugsfda.json?search=products.active_ingredients.name%3A%22PLERIXAFOR%22&count=products.marketing_status,2026-09-02T17:09:56Z,200,application/json,569,bb2ebd7a069840b08877421c0226b8be63ece1b60f8c6304a7d539996f7090e6,"W/""239-cXP/QYfiwHSs5Ml1xQoBFp+ygbc""",,first_capture,raw/fda.drugsfda.cohort-status/2026/09/20260902T170956Z-bb2ebd7a0698.json,,
fda.drugsfda.cohort-status,https://api.fda.gov/drug/drugsfda.json?search=products.active_ingredients.name%3A%22PODOFILOX%22&count=products.marketing_status,2026-09-02T17:09:59Z,200,application/json,569,aafcdcbc4cefd8d5a6698fe14d19563d72b859a8efc00fa5f7f872294b0bba1e,"W/""239-UEgaIfSwHeEYIbt9QG1RUNKl10E""",,first_capture,raw/fda.drugsfda.cohort-status/2026/09/20260902T170959Z-aafcdcbc4cef.json,,
fda.drugsfda.cohort-status,https://api.fda.gov/drug/drugsfda.json?search=products.active_ingredients.name%3A%22POSACONAZOLE%22&count=products.marketing_status,2026-09-02T17:10:08Z,200,application/json,643,3c9d494f7fab34409c9bbc8d62fc86120f9ec9a91eb565753b4729892da82abd,"W/""283-ZqcI6qdIwGTo4wmfq3ZcV5ORTSU""",,first_capture,raw/fda.drugsfda.cohort-status/2026/09/20260902T171008Z-3c9d494f7fab.json,,
fda.drugsfda.cohort-status,https://api.fda.gov/drug/drugsfda.json?search=products.active_ingredients.name%3A%22POTASSIUM%20CHLORIDE%22&count=products.marketing_status,2026-09-02T17:10:11Z,200,application/json,646,11e9b250cbb70b59ffa00afa1ec07a74e78b57a19579367a5f420b2e64fa8644,"W/""286-WieL3iO1ZWytYWvwLxGEcCkNq2U""",,first_capture,raw/fda.drugsfda.cohort-status/2026/09/20260902T171011Z-11e9b250cbb7.json,,
fda.drugsfda.cohort-status,https://api.fda.gov/drug/drugsfda.json?search=products.active_ingredients.name%3A%22POTASSIUM%20PHOSPHATE%22&count=products.marketing_status,2026-09-02T17:10:15Z,200,application/json,571,7554debeed04bfd1c61d2105163ccb3d9a9d208f26e446e9e9351dab7c38c3c3,"W/""23b-cN1o96pLpALn6IDzJBNVXsRQq44""",,first_capture,raw/fda.drugsfda.cohort-status/2026/09/20260902T171015Z-7554debeed04.json,,
fda.drugsfda.cohort-status,https://api.fda.gov/drug/drugsfda.json?search=products.active_ingredients.name%3A%22PRAMLINTIDE%20ACETATE%22&count=products.marketing_status,2026-09-02T17:10:18Z,200,application/json,509,a1bec4e0ed2f963c7e2cd7a98414f1d03791f9e738586444355aff76101a18ad,"W/""1fd-b1W9hhPtm2mnwgvfpR8T9wgd/E0""",,first_capture,raw/fda.drugsfda.cohort-status/2026/09/20260902T171018Z-a1bec4e0ed2f.json,,
fda.drugsfda.cohort-status,https://api.fda.gov/drug/drugsfda.json?search=products.active_ingredients.name%3A%22PRAZOSIN%20HYDROCHLORIDE%22&count=products.marketing_status,2026-09-02T17:10:22Z,200,application/json,571,34cfee07a19d7372a46bf361f7b562fa2e80dfb1ce13108519bdffe0d68f8c4d,"W/""23b-prFqyTPJ5X4YwEyg6YY9soDizRc""",,first_capture,raw/fda.drugsfda.cohort-status/2026/09/20260902T171022Z-34cfee07a19d.json,,
fda.drugsfda.cohort-status,https://api.fda.gov/drug/drugsfda.json?search=products.active_ingredients.name%3A%22PROCAINAMIDE%20HYDROCHLORIDE%22&count=products.marketing_status,2026-09-02T17:10:25Z,200,application/json,570,2da1bfbc67330020292b4cca22646fc4b15a01a1373e7c0661bbff7a3db2a5aa,"W/""23a-Cp9QkTBLpsh/9iPxsrqB7LIhTtA""",,first_capture,raw/fda.drugsfda.cohort-status/2026/09/20260902T171025Z-2da1bfbc6733.json,,
fda.drugsfda.cohort-status,https://api.fda.gov/drug/drugsfda.json?search=products.active_ingredients.name%3A%22PROMETHAZINE%20HYDROCHLORIDE%22&count=products.marketing_status,2026-09-02T17:10:28Z,200,application/json,571,0655bc29ade3f3dd4ec8b2270bb91fd91e9c5f0c6e1694e7b1db082238e2f283,"W/""23b-Edine8cBDKzhqkqTdzvb9yZnXg0""",,first_capture,raw/fda.drugsfda.cohort-status/2026/09/20260902T171028Z-0655bc29ade3.json,,
fda.drugsfda.cohort-status,https://api.fda.gov/drug/drugsfda.json?search=products.active_ingredients.name%3A%22PROPOFOL%22&count=products.marketing_status,2026-09-02T17:10:31Z,200,application/json,643,4235b6854034cf23699e030a31627fc65b4127ddc3f38aa798ab301dedb5a060,"W/""283-pjNgoLdpNm2se+O7AC5tSq7OTzY""",,first_capture,raw/fda.drugsfda.cohort-status/2026/09/20260902T171031Z-4235b6854034.json,,
fda.drugsfda.cohort-status,https://api.fda.gov/drug/drugsfda.json?search=products.active_ingredients.name%3A%22PROPRANOLOL%20HYDROCHLORIDE%22&count=products.marketing_status,2026-09-02T17:10:35Z,200,application/json,572,4b59604da7a4dd7e0550da3a2cfba9f0ba0aa783b0b93d17ac80b504cfd4d8b1,"W/""23c-BjC0SQC3rpKevMsOk5lrU2FcEfE""",,first_capture,raw/fda.drugsfda.cohort-status/2026/09/20260902T171035Z-4b59604da7a4.json,,
fda.drugsfda.cohort-status,https://api.fda.gov/drug/drugsfda.json?search=products.active_ingredients.name%3A%22PROTAMINE%20SULFATE%22&count=products.marketing_status,2026-09-02T17:10:38Z,200,application/json,569,aab70da8f714b69bb806525b763a87ae6caa30cb5673211de1a0314ed959d9da,"W/""239-FLkdRgxo0C+OQWem0ooEHFWx90Q""",,first_capture,raw/fda.drugsfda.cohort-status/2026/09/20260902T171038Z-aab70da8f714.json,,
fda.drugsfda.cohort-status,https://api.fda.gov/drug/drugsfda.json?search=products.active_ingredients.name%3A%22QUINAPRIL%20HYDROCHLORIDE%22&count=products.marketing_status,2026-09-02T17:10:41Z,200,application/json,570,91b1362481823cd955a45443bc170b128122e5659eafa90ad1bf1d58e6153b23,"W/""23a-5icOMwX0QXVUSMMRgwrBx0nSa4A""",,first_capture,raw/fda.drugsfda.cohort-status/2026/09/20260902T171041Z-91b136248182.json,,
fda.drugsfda.cohort-status,https://api.fda.gov/drug/drugsfda.json?search=products.active_ingredients.name%3A%22RAMELTEON%22&count=products.marketing_status,2026-09-02T17:10:45Z,200,application/json,570,4dd779a6ccc936695e0c85445de49b052528f7a854062aa8ced9f01cd70aa81e,"W/""23a-JGjsr9MB8oYv3Sk2l3Kd/25+akI""",,first_capture,raw/fda.drugsfda.cohort-status/2026/09/20260902T171045Z-4dd779a6ccc9.json,,
fda.drugsfda.cohort-status,https://api.fda.gov/drug/drugsfda.json?search=products.active_ingredients.name%3A%22REMIFENTANIL%20HYDROCHLORIDE%22&count=products.marketing_status,2026-09-02T17:10:48Z,200,application/json,509,058e2b4bab5f0e48fb3fddf9bf8c8cd1d2792a4ba6bec833ae537ec67635719f,"W/""1fd-AGlQhEHGx0FI+UgkJd5DyB+vSSI""",,first_capture,raw/fda.drugsfda.cohort-status/2026/09/20260902T171048Z-058e2b4bab5f.json,,
fda.drugsfda.cohort-status,https://api.fda.gov/drug/drugsfda.json?search=products.active_ingredients.name%3A%22RIBOFLAVIN%205%20PHOSPHATE%22&count=products.marketing_status,2026-09-02T17:10:51Z,200,application/json,569,8798c2559501137c0f7248a200a41c0361560fcc0e41a804773dc162a88c8f99,"W/""239-R+ze2QwQ8fIi5PzAyK+Vi1QWxl0""",,first_capture,raw/fda.drugsfda.cohort-status/2026/09/20260902T171051Z-8798c2559501.json,,
fda.drugsfda.cohort-status,https://api.fda.gov/drug/drugsfda.json?search=products.active_ingredients.name%3A%22RIFAMPIN%22&count=products.marketing_status,2026-09-02T17:10:55Z,200,application/json,570,c407909904426b583e5db95ed4f45429adc2e22bf4486163c6cc4ab9af9bf59a,"W/""23a-WKruozhPHPbXKZBbeVmgGglW1tc""",,first_capture,raw/fda.drugsfda.cohort-status/2026/09/20260902T171055Z-c40790990442.json,,
fda.drugsfda.cohort-status,https://api.fda.gov/drug/drugsfda.json?search=products.active_ingredients.name%3A%22RIFAPENTINE%22&count=products.marketing_status,2026-09-02T17:10:58Z,200,application/json,509,2daa74491e1412e61b5fc041656eca5a59b2aaf666804c40662d474c9de4c404,"W/""1fd-MryXCOL+CCmUxEVvdVBCiKY3Rlo""",,first_capture,raw/fda.drugsfda.cohort-status/2026/09/20260902T171058Z-2daa74491e14.json,,
fda.drugsfda.cohort-status,https://api.fda.gov/drug/drugsfda.json?search=products.active_ingredients.name%3A%22RILUZOLE%22&count=products.marketing_status,2026-09-02T17:11:02Z,200,application/json,569,3554e3f9a0d9d222319dd64d0e4f49ce708f6d66b96fa252a8129f056b552107,"W/""239-Z1IPJB7WfYCuFC6USeSL1f3SuAw""",,first_capture,raw/fda.drugsfda.cohort-status/2026/09/20260902T171102Z-3554e3f9a0d9.json,,
fda.drugsfda.cohort-status,https://api.fda.gov/drug/drugsfda.json?search=products.active_ingredients.name%3A%22RITONAVIR%22&count=products.marketing_status,2026-09-02T17:11:06Z,200,application/json,645,79e12181ce1ea2241ccb1e3d05c8c5877e4119509da81a89903d7a2791613fde,"W/""285-QeXQYLHK44eD47B0Wka6+HEyx1k""",,first_capture,raw/fda.drugsfda.cohort-status/2026/09/20260902T171106Z-79e12181ce1e.json,,
fda.drugsfda.cohort-status,https://api.fda.gov/drug/drugsfda.json?search=products.active_ingredients.name%3A%22ROCURONIUM%22&count=products.marketing_status,2026-09-02T17:11:09Z,200,application/json,570,cf2166660a8dbb7c813282b9bd28b125fc152c8dc43eeac8d2eb35d341a6fc89,"W/""23a-cDii6Pr6KVMnpB9nWOhbI/32xQY""",,first_capture,raw/fda.drugsfda.cohort-status/2026/09/20260902T171109Z-cf2166660a8d.json,,
fda.drugsfda.cohort-status,https://api.fda.gov/drug/drugsfda.json?search=products.active_ingredients.name%3A%22ROCURONIUM%20BROMIDE%22&count=products.marketing_status,2026-09-02T17:11:12Z,200,application/json,570,cf2166660a8dbb7c813282b9bd28b125fc152c8dc43eeac8d2eb35d341a6fc89,"W/""23a-cDii6Pr6KVMnpB9nWOhbI/32xQY""",,first_capture,raw/fda.drugsfda.cohort-status/2026/09/20260902T171112Z-cf2166660a8d.json,,
fda.drugsfda.cohort-status,https://api.fda.gov/drug/drugsfda.json?search=products.active_ingredients.name%3A%22ROPIVACAINE%20HYDROCHLORIDE%22&count=products.marketing_status,2026-09-02T17:11:16Z,200,application/json,570,70469b1c6b1277cc8b6df423bea36c2001e5046ce78c2c1e918f80a8ed0fed9f,"W/""23a-G8Jb2x4QHQZzwu624vlbk6H3PiY""",,first_capture,raw/fda.drugsfda.cohort-status/2026/09/20260902T171116Z-70469b1c6b12.json,,
fda.drugsfda.cohort-status,https://api.fda.gov/drug/drugsfda.json?search=products.active_ingredients.name%3A%22SEMAGLUTIDE%22&count=products.marketing_status,2026-09-02T17:11:19Z,200,application/json,642,7208713999ef8976aae6addbdfc8a87eb4308e215d5c5de393b808462c521b28,"W/""282-6a/CIkTPiKXv8EJK0JML4Yl2b/U""",,first_capture,raw/fda.drugsfda.cohort-status/2026/09/20260902T171119Z-7208713999ef.json,,
fda.drugsfda.cohort-status,https://api.fda.gov/drug/drugsfda.json?search=products.active_ingredients.name%3A%22SODIUM%20ACETATE%22&count=products.marketing_status,2026-09-02T17:11:23Z,200,application/json,571,0619ec88dfd52025ec579bbf8d382c486876fede9c4bce7e857b320c43746772,"W/""23b-owfQ/fuPX5FTtGK/rsHAeqk6xlY""",,first_capture,raw/fda.drugsfda.cohort-status/2026/09/20260902T171123Z-0619ec88dfd5.json,,
fda.drugsfda.cohort-status,https://api.fda.gov/drug/drugsfda.json?search=products.active_ingredients.name%3A%22SODIUM%20BICARBONATE%22&count=products.marketing_status,2026-09-02T17:11:26Z,200,application/json,708,5d8f095f65d28106d06fd11f6257d32a5446097f41e49489db1e630348ae6c9e,"W/""2c4-UT18Yu4aUcOY0K3Bohs3DqHoNug""",,first_capture,raw/fda.drugsfda.cohort-status/2026/09/20260902T171126Z-5d8f095f65d2.json,,
fda.drugsfda.cohort-status,https://api.fda.gov/drug/drugsfda.json?search=products.active_ingredients.name%3A%22SODIUM%20FLUORIDE%20F-18%22&count=products.marketing_status,2026-09-02T17:11:29Z,200,application/json,571,8cac55aed966d0096e2dd634945ec440db627a4676a1092820061cff692f003c,"W/""23b-0eR10xgol8oq8xEgUacmmM03vBg""",,first_capture,raw/fda.drugsfda.cohort-status/2026/09/20260902T171129Z-8cac55aed966.json,,
fda.drugsfda.cohort-status,https://api.fda.gov/drug/drugsfda.json?search=products.active_ingredients.name%3A%22SODIUM%20OXYBATE%22&count=products.marketing_status,2026-09-02T17:11:32Z,200,application/json,642,7208713999ef8976aae6addbdfc8a87eb4308e215d5c5de393b808462c521b28,"W/""282-6a/CIkTPiKXv8EJK0JML4Yl2b/U""",,first_capture,raw/fda.drugsfda.cohort-status/2026/09/20260902T171132Z-7208713999ef.json,,
fda.drugsfda.cohort-status,https://api.fda.gov/drug/drugsfda.json?search=products.active_ingredients.name%3A%22SOMATROPIN%22&count=products.marketing_status,2026-09-02T17:11:36Z,200,application/json,571,8273bfd659296e8ebc8e34b9e1e4b2213c8a94bbdfb344a5ef401854501b24e5,"W/""23b-w7rJSd3BB2wyB+DLmSzqnJT0a5M""",,first_capture,raw/fda.drugsfda.cohort-status/2026/09/20260902T171136Z-8273bfd65929.json,,
fda.drugsfda.cohort-status,https://api.fda.gov/drug/drugsfda.json?search=products.active_ingredients.name%3A%22SPIRONOLACTONE%22&count=products.marketing_status,2026-09-02T17:11:39Z,200,application/json,571,679046600aec72e323a7e63e6d82c5ce45ae56c98273c0a711b82e550934ee8a,"W/""23b-t31IBgiJwVfd2zuCxlVEwJ58DHE""",,first_capture,raw/fda.drugsfda.cohort-status/2026/09/20260902T171139Z-679046600aec.json,,
fda.drugsfda.cohort-status,https://api.fda.gov/drug/drugsfda.json?search=products.active_ingredients.name%3A%22STERILE%20WATER%22&count=products.marketing_status,2026-09-02T17:11:42Z,200,application/json,570,b9cbd6fa30b4ae91856c67e06cd92f2fce258d9908226a0b3273f2f4efdfc01e,"W/""23a-RG7lTUh/wUXUKqnp0KIT2LRplpg""",,first_capture,raw/fda.drugsfda.cohort-status/2026/09/20260902T171142Z-b9cbd6fa30b4.json,,
fda.drugsfda.cohort-status,https://api.fda.gov/drug/drugsfda.json?search=products.active_ingredients.name%3A%22STREPTOZOCIN%22&count=products.marketing_status,2026-09-02T17:11:46Z,200,application/json,509,a1bec4e0ed2f963c7e2cd7a98414f1d03791f9e738586444355aff76101a18ad,"W/""1fd-b1W9hhPtm2mnwgvfpR8T9wgd/E0""",,first_capture,raw/fda.drugsfda.cohort-status/2026/09/20260902T171146Z-a1bec4e0ed2f.json,,
fda.drugsfda.cohort-status,https://api.fda.gov/drug/drugsfda.json?search=products.active_ingredients.name%3A%22SUCCINYLCHOLINE%20CHLORIDE%22&count=products.marketing_status,2026-09-02T17:11:49Z,200,application/json,571,dc8777a7dac7f8a33a1695cf7ac06f19b7c1516df9ae27d5ccba684be8be04cb,"W/""23b-QymqpYs5W4i36lFm16M65L0Ih6I""",,first_capture,raw/fda.drugsfda.cohort-status/2026/09/20260902T171149Z-dc8777a7dac7.json,,
fda.drugsfda.cohort-status,https://api.fda.gov/drug/drugsfda.json?search=products.active_ingredients.name%3A%22SUFENTANIL%20CITRATE%22&count=products.marketing_status,2026-09-02T17:11:52Z,200,application/json,569,aafcdcbc4cefd8d5a6698fe14d19563d72b859a8efc00fa5f7f872294b0bba1e,"W/""239-UEgaIfSwHeEYIbt9QG1RUNKl10E""",,first_capture,raw/fda.drugsfda.cohort-status/2026/09/20260902T171152Z-aafcdcbc4cef.json,,
fda.drugsfda.cohort-status,https://api.fda.gov/drug/drugsfda.json?search=products.active_ingredients.name%3A%22SUGAMMADEX%22&count=products.marketing_status,2026-09-02T17:11:55Z,200,application/json,583,6931586408fe0fe92a220b6ba83efed3a6daeaf96258673e6c465f9d724e75ba,"W/""247-0gRRTR/6EMzRYGgCvgmzefpb9FU""",,first_capture,raw/fda.drugsfda.cohort-status/2026/09/20260902T171155Z-6931586408fe.json,,
fda.drugsfda.cohort-status,https://api.fda.gov/drug/drugsfda.json?search=products.active_ingredients.name%3A%22SULCONAZOLE%20NITRATE%22&count=products.marketing_status,2026-09-02T17:11:59Z,200,application/json,569,1794b8383ac0e6f172cd2e96bcda6a6bdb9a0175e7e10106990d2822805cbad3,"W/""239-y71nTlqvnJGjIRH6pRRY4MCcdJ4""",,first_capture,raw/fda.drugsfda.cohort-status/2026/09/20260902T171159Z-1794b8383ac0.json,,
fda.drugsfda.cohort-status,https://api.fda.gov/drug/drugsfda.json?search=products.active_ingredients.name%3A%22SUMATRIPTAN%22&count=products.marketing_status,2026-09-02T17:12:02Z,200,application/json,644,189536183e966b9fc6eca9b9eb19bb11549a07e60621a158ffbe4c5658e8a172,"W/""284-xNUeYLQmCe5xZLgDe3d4thqsoqE""",,first_capture,raw/fda.drugsfda.cohort-status/2026/09/20260902T171202Z-189536183e96.json,,
fda.drugsfda.cohort-status,https://api.fda.gov/drug/drugsfda.json?search=products.active_ingredients.name%3A%22TAFAMIDIS%20MEGLUMINE%22&count=products.marketing_status,2026-09-02T17:12:05Z,200,application/json,509,a1bec4e0ed2f963c7e2cd7a98414f1d03791f9e738586444355aff76101a18ad,"W/""1fd-b1W9hhPtm2mnwgvfpR8T9wgd/E0""",,first_capture,raw/fda.drugsfda.cohort-status/2026/09/20260902T171205Z-a1bec4e0ed2f.json,,
fda.drugsfda.cohort-status,https://api.fda.gov/drug/drugsfda.json?search=products.active_ingredients.name%3A%22TAZEMETOSTAT%20HYDROBROMIDE%22&count=products.marketing_status,2026-09-02T17:12:09Z,200,application/json,569,1794b8383ac0e6f172cd2e96bcda6a6bdb9a0175e7e10106990d2822805cbad3,"W/""239-y71nTlqvnJGjIRH6pRRY4MCcdJ4""",,first_capture,raw/fda.drugsfda.cohort-status/2026/09/20260902T171209Z-1794b8383ac0.json,,
fda.drugsfda.cohort-status,https://api.fda.gov/drug/drugsfda.json?search=products.active_ingredients.name%3A%22TECHNETIUM%20TC%2099M%20PYROPHOSPHATE%22&count=products.marketing_status,2026-09-02T17:12:12Z,200,application/json,569,d29d9e5dfccbb03566d256d20784b1a10b4fbdcced3aa0dfb7a28693055fc37a,"W/""239-Ho82cQZ+0jMU2JTeDgy2ZfkXLH8""",,first_capture,raw/fda.drugsfda.cohort-status/2026/09/20260902T171212Z-d29d9e5dfccb.json,,
fda.drugsfda.cohort-status,https://api.fda.gov/drug/drugsfda.json?search=products.active_ingredients.name%3A%22TERIPARATIDE%22&count=products.marketing_status,2026-09-02T17:12:15Z,200,application/json,569,a5e7dfd078950c7e34c93f9e99a7635d341aa617a4cde06df712298662c5687d,"W/""239-wf97IWAfK2eZX7veamjrJ5UTEf0""",,first_capture,raw/fda.drugsfda.cohort-status/2026/09/20260902T171215Z-a5e7dfd07895.json,,
fda.drugsfda.cohort-status,https://api.fda.gov/drug/drugsfda.json?search=products.active_ingredients.name%3A%22TESTOSTERONE%20CYPIONATE%22&count=products.marketing_status,2026-09-02T17:12:19Z,200,application/json,571,a641be8f6d48610d1b800e6e3889df2f7426cf4c6cf8396c1d12f0890911d3be,"W/""23b-sBRJ2TPDBwkl4XY4mt0x/a3fBHM""",,first_capture,raw/fda.drugsfda.cohort-status/2026/09/20260902T171219Z-a641be8f6d48.json,,
fda.drugsfda.cohort-status,https://api.fda.gov/drug/drugsfda.json?search=products.active_ingredients.name%3A%22THIOTEPA%22&count=products.marketing_status,2026-09-02T17:12:22Z,200,application/json,570,4e224983c8946ec758de6aea84041555ed4d5cc7d3d24167ab8e7a9ac3785feb,"W/""23a-EyHduAGuUkscMNbGHss85llrLXc""",,first_capture,raw/fda.drugsfda.cohort-status/2026/09/20260902T171222Z-4e224983c894.json,,
fda.drugsfda.cohort-status,https://api.fda.gov/drug/drugsfda.json?search=products.active_ingredients.name%3A%22TIAGABINE%20HYDROCHLORIDE%22&count=products.marketing_status,2026-09-02T17:12:25Z,200,application/json,569,98a80763be71969536ff9d79790199ea24102aa23064b83ec439edeb653538cf,"W/""239-vRmG0zn9vKgBWdjtMT8S0xEYOow""",,first_capture,raw/fda.drugsfda.cohort-status/2026/09/20260902T171225Z-98a80763be71.json,,
fda.drugsfda.cohort-status,https://api.fda.gov/drug/drugsfda.json?search=products.active_ingredients.name%3A%22TIROFIBAN%22&count=products.marketing_status,2026-09-02T17:12:28Z,200,application/json,569,ad2f8ff39c292a89b9a9d9bb76f976e9f62542117af6d96965e552313ea3115d,"W/""239-3w46g6jEvY0jdVWEoxp86RYqfFI""",,first_capture,raw/fda.drugsfda.cohort-status/2026/09/20260902T171228Z-ad2f8ff39c29.json,,
fda.drugsfda.cohort-status,https://api.fda.gov/drug/drugsfda.json?search=products.active_ingredients.name%3A%22TIROFIBAN%20HYDROCHLORIDE%22&count=products.marketing_status,2026-09-02T17:12:32Z,200,application/json,569,ad2f8ff39c292a89b9a9d9bb76f976e9f62542117af6d96965e552313ea3115d,"W/""239-3w46g6jEvY0jdVWEoxp86RYqfFI""",,first_capture,raw/fda.drugsfda.cohort-status/2026/09/20260902T171232Z-ad2f8ff39c29.json,,
fda.drugsfda.cohort-status,https://api.fda.gov/drug/drugsfda.json?search=products.active_ingredients.name%3A%22TOBRAMYCIN%20SULFATE%22&count=products.marketing_status,2026-09-02T17:12:35Z,200,application/json,571,dd27b01d43787b6657d87e528ea577a552fb9876ecbe35839eec66b2a772d397,"W/""23b-M071nT05Q3B+ZkbOiEbKOyF84EQ""",,first_capture,raw/fda.drugsfda.cohort-status/2026/09/20260902T171235Z-dd27b01d4378.json,,
fda.drugsfda.cohort-status,https://api.fda.gov/drug/drugsfda.json?search=products.active_ingredients.name%3A%22TRANYLCYPROMINE%20SULFATE%22&count=products.marketing_status,2026-09-02T17:12:38Z,200,application/json,509,058e2b4bab5f0e48fb3fddf9bf8c8cd1d2792a4ba6bec833ae537ec67635719f,"W/""1fd-AGlQhEHGx0FI+UgkJd5DyB+vSSI""",,first_capture,raw/fda.drugsfda.cohort-status/2026/09/20260902T171238Z-058e2b4bab5f.json,,
fda.drugsfda.cohort-status,https://api.fda.gov/drug/drugsfda.json?search=products.active_ingredients.name%3A%22TRAVOPROST%22&count=products.marketing_status,2026-09-02T17:12:42Z,200,application/json,642,f668b0518134c0970253580f4af5feeedce7d38a95bb443c9b69015552b8aece,"W/""282-C7MKaDZUp8MGTW3ayuIb1YO7DPk""",,first_capture,raw/fda.drugsfda.cohort-status/2026/09/20260902T171242Z-f668b0518134.json,,
fda.drugsfda.cohort-status,https://api.fda.gov/drug/drugsfda.json?search=products.active_ingredients.name%3A%22TREPROSTINIL%22&count=products.marketing_status,2026-09-02T17:12:45Z,200,application/json,642,fd0d2dd82fa7adad0b409e006e5cd9d6076d8eea61f1ac01706146cbfa334df2,"W/""282-ngkduaQ3R0i0RbR9joSUxMjGXNA""",,first_capture,raw/fda.drugsfda.cohort-status/2026/09/20260902T171245Z-fd0d2dd82fa7.json,,
fda.drugsfda.cohort-status,https://api.fda.gov/drug/drugsfda.json?search=products.active_ingredients.name%3A%22TRIAMCINOLONE%20ACETONIDE%22&count=products.marketing_status,2026-09-02T17:12:48Z,200,application/json,636,124525015bbfd8b1da8a8951402e25bf2e217b73eae5b4e95a94e2413e010844,"W/""27c-AXdyGinygFuHALS7WW4PeboaFbs""",,first_capture,raw/fda.drugsfda.cohort-status/2026/09/20260902T171248Z-124525015bbf.json,,
fda.drugsfda.cohort-status,https://api.fda.gov/drug/drugsfda.json?search=products.active_ingredients.name%3A%22TRIAMCINOLONE%20HEXACETONIDE%22&count=products.marketing_status,2026-09-02T17:12:52Z,200,application/json,509,a1bec4e0ed2f963c7e2cd7a98414f1d03791f9e738586444355aff76101a18ad,"W/""1fd-b1W9hhPtm2mnwgvfpR8T9wgd/E0""",,first_capture,raw/fda.drugsfda.cohort-status/2026/09/20260902T171252Z-a1bec4e0ed2f.json,,
fda.drugsfda.cohort-status,https://api.fda.gov/drug/drugsfda.json?search=products.active_ingredients.name%3A%22TRIAZOLAM%22&count=products.marketing_status,2026-09-02T17:12:55Z,200,application/json,569,3dcc0603d80567e274169a9cc8c10b3dd7272c73c47b59581d19213c5b9123c8,"W/""239-DOQE5VdvfKgaBc+9Bx17HZmJQgQ""",,first_capture,raw/fda.drugsfda.cohort-status/2026/09/20260902T171255Z-3dcc0603d805.json,,
fda.drugsfda.cohort-status,https://api.fda.gov/drug/drugsfda.json?search=products.active_ingredients.name%3A%22URSODIOL%22&count=products.marketing_status,2026-09-02T17:12:58Z,200,application/json,570,19ced375f49d98f7961f36fe6e79325ea58355f8e0675c053e44c7c4a23d123f,"W/""23a-mTH0BYPbRzYbkvQCbOgW4YiQmgM""",,first_capture,raw/fda.drugsfda.cohort-status/2026/09/20260902T171258Z-19ced375f49d.json,,
fda.drugsfda.cohort-status,https://api.fda.gov/drug/drugsfda.json?search=products.active_ingredients.name%3A%22VALPROATE%20SODIUM%22&count=products.marketing_status,2026-09-02T17:13:02Z,200,application/json,569,932fe9d54c4be6489e2754b3a32176ad244e49d270089255eee5e290f44654ae,"W/""239-xR7DUh6mF/m3xTkqBn4DxMk1+Sk""",,first_capture,raw/fda.drugsfda.cohort-status/2026/09/20260902T171302Z-932fe9d54c4b.json,,
fda.drugsfda.cohort-status,https://api.fda.gov/drug/drugsfda.json?search=products.active_ingredients.name%3A%22VALSARTAN%22&count=products.marketing_status,2026-09-02T17:13:05Z,200,application/json,644,b1b95dec226f8ffeb699085e3620722732daee3c92b40e872d575770db218e3f,"W/""284-lIEfpwshPUE0TMifC8I0zku7Gdc""",,first_capture,raw/fda.drugsfda.cohort-status/2026/09/20260902T171305Z-b1b95dec226f.json,,
fda.drugsfda.cohort-status,https://api.fda.gov/drug/drugsfda.json?search=products.active_ingredients.name%3A%22VANCOMYCIN%20HYDROCHLORIDE%22&count=products.marketing_status,2026-09-02T17:13:08Z,200,application/json,571,8be22d3891d9136067c5d9a543285a6080ac6ee0e7ed0fed953f812cb73ca62b,"W/""23b-fN3XFkJrcn5s0Qf4dSnO+4WJ4zU""",,first_capture,raw/fda.drugsfda.cohort-status/2026/09/20260902T171308Z-8be22d3891d9.json,,
fda.drugsfda.cohort-status,https://api.fda.gov/drug/drugsfda.json?search=products.active_ingredients.name%3A%22VECURONIUM%20BROMIDE%22&count=products.marketing_status,2026-09-02T17:13:11Z,200,application/json,569,3a119b371f681046fadeadf6a7fab2ef17160b8d51df18b7e799f63c1d5751f3,"W/""239-dlNc4dvTkjx75lLgPKvswq3QLWg""",,first_capture,raw/fda.drugsfda.cohort-status/2026/09/20260902T171311Z-3a119b371f68.json,,
fda.drugsfda.cohort-status,https://api.fda.gov/drug/drugsfda.json?search=products.active_ingredients.name%3A%22VERAPAMIL%20HYDROCHLORIDE%22&count=products.marketing_status,2026-09-02T17:13:15Z,200,application/json,571,f421534db4418161630c70f2a24000e0566ed7a343931e187ffe34dd82e68de8,"W/""23b-J8ZOSZdoMLbeKY9moD1LtUeSZJ8""",,first_capture,raw/fda.drugsfda.cohort-status/2026/09/20260902T171315Z-f421534db441.json,,
fda.drugsfda.cohort-status,https://api.fda.gov/drug/drugsfda.json?search=products.active_ingredients.name%3A%22VIGABATRIN%22&count=products.marketing_status,2026-09-02T17:13:18Z,200,application/json,570,ef381c3182c98441e2813cf4cbceb4394b0d5df40e98a0435c310c7555792af9,"W/""23a-yoMr+QQtK31TAyvghcFq+rV4q40""",,first_capture,raw/fda.drugsfda.cohort-status/2026/09/20260902T171318Z-ef381c3182c9.json,,
fda.drugsfda.cohort-status,https://api.fda.gov/drug/drugsfda.json?search=products.active_ingredients.name%3A%22VORICONAZOLE%22&count=products.marketing_status,2026-09-02T17:13:21Z,200,application/json,570,fde7ad828bd5ed54cbd99d60fa43ead32af90c2a01e2aab7b89552b55f4c5778,"W/""23a-mZjzeQeHQIoqKJnF/r613MiO+XI""",,first_capture,raw/fda.drugsfda.cohort-status/2026/09/20260902T171321Z-fde7ad828bd5.json,,
